Song Title,Row Done?,Song FileLinks,Cover Art File Links,Snippet File Links,Studio Session File Links,Era,Date Released,Date Leaked,Date Recorded,Produced by,Features
,,,,,,,,,,,
100 band jugg | hunnid band jugg | hundred band jugg | 100 band jug | hunnid band jug | hundred band jug | im ballin hard,TRUE,https://cdn.discordapp.com/attachments/1016936737261490237/1017716789305679922/Juice_Wrld_makonnen_-_100_band_jugg_v1.2_170_rexjuice2.wav|https://cdn.discordapp.com/attachments/1008460764098609283/1008465365761802260/100_Band_Jugg_feat._iLoveMakonnen.m4a,https://media.discordapp.net/attachments/978161565691953184/997221941926699098/hh_100_Band_Jugg.png,https://cdn.discordapp.com/attachments/978161565691953184/1009275554010239076/vlc-record-2022-05-23-19h44m53s.mp4|https://cdn.discordapp.com/attachments/978161565691953184/1009275557382467594/sgSo8oDysADeA2ua.mp4|https://cdn.discordapp.com/attachments/978161565691953184/1009275558535905320/RPReplay_Final1653362413_1.mov|https://cdn.discordapp.com/attachments/978161565691953184/1009275669060005969/AT-cm_djwXVaXNzmSp14Ly3tgQSQ.mp4|,,JW3,unreleased,"June 5, 2022.","September 23, 2019.",Rex Kudo,iLoveMakonnen
1400 / 999 freestyle | fourteen hundred nine nine nine freestyle | 1400 999 | 1400 / 999 | matt hardy | matt hardy v1 | matt hardy freestyle,TRUE,https://cdn.discordapp.com/attachments/1016936737261490237/1017718566939791381/1400_999_Freestyle.m4a|https://cdn.discordapp.com/attachments/1016936737261490237/1017718605409959966/SY_x_JW_x_TR_-_1400_and_999_Freestyle_142BPM.mp3,https://media.discordapp.net/attachments/1016936737261490237/1017497222608326746/999_x_1400.jpeg|https://media.discordapp.net/attachments/978161565691953184/997361688292634664/hh_9991400unknown.png,https://cdn.discordapp.com/attachments/1016936737261490237/1017496028208967680/1400_999_Freestyle-4.mp4|https://cdn.discordapp.com/attachments/1016936737261490237/1017496029140107345/1400_999_Freestyle.mp4|https://cdn.discordapp.com/attachments/1016936737261490237/1017496029748269166/1400_999_Freestyle-2.mp4|https://cdn.discordapp.com/attachments/1016936737261490237/1017496030142550056/1400_999_Freestyle.mov|https://cdn.discordapp.com/attachments/1016936737261490237/1017496088338514010/1400_999_Freestyle-3.mp4,,WOD,unreleased,"January 23, 2020.","September 9, 2018.",Dez Wright & Oz On The Track,Trippie Redd
150 | mask on my face | one fifty,FALSE,https://cdn.discordapp.com/attachments/1016936737261490237/1018619237872451594/150_Incomplete.mp3,https://media.discordapp.net/attachments/1021247119425798157/1021288987626844160/150_1.jpg?width=532&height=532 | https://media.discordapp.net/attachments/1021247119425798157/1021288987840761956/150_on_my_wrist.jpg?width=532&height=532 | https://media.discordapp.net/attachments/1021247119425798157/1021288988075630642/150.png?width=469&height=469 | https://media.discordapp.net/attachments/1021247119425798157/1021288988537000019/150.jpg?width=469&height=469 ,,,WOD,unreleased,,,,
2019 my year | twenty nineteen my year,FALSE,https://cdn.discordapp.com/attachments/1016936737261490237/1018619371259691129/2019_My_Year.m4a,,,,,,,,,
2020 vision | twenty twenty vision,TRUE,https://cdn.discordapp.com/attachments/1016936737261490237/1017713234108751872/2020_Vision.m4a| https://cdn.discordapp.com/attachments/1016936737261490237/1017713235031490570/2020_Vision_v3_Ft._DaBaby.mp3,https://media.discordapp.net/attachments/1009289022096552037/1018371354380210257/2020vision.png?width=255&height=255,https://cdn.discordapp.com/attachments/1016936737261490237/1017713235820036166/2020_Vision_Snippet.mov,,DRFL,Stem Edit - unreleased,"March 9, 2022.",?,?,
21 minute freestyle | 21 min freestyle | twenty one minute freestyle,FALSE,https://cdn.discordapp.com/attachments/1016936737261490237/1018619528789368963/21_Minute_Freestyle.mp3,,,,,,,,,
24 hours | twenty four hours,FALSE,https://cdn.discordapp.com/attachments/1016936737261490237/1018619692463706192/24_Hours.m4a,,,,,,,,,
27 club | twenty seven club,FALSE,https://cdn.discordapp.com/attachments/1016936737261490237/1018381017163243630/27_Club_Help_Me.m4a,https://media.discordapp.net/attachments/1016936737261490237/1018413597606563840/oOtD2I6Z.png?width=298&height=298 | https://media.discordapp.net/attachments/1016936737261490237/1018414342972112896/EX8BnIbR.jpg?width=298&height=298 | https://media.discordapp.net/attachments/1016936737261490237/1018414705158660096/tO0nRCLJ.jpg?width=298&height=298 | https://media.discordapp.net/attachments/1016936737261490237/1018414809437442098/IS1DXCiT.jpg?width=298&height=298 | https://media.discordapp.net/attachments/1016936737261490237/1018414954426155018/sKt1UK5D.png?width=298&height=298 | https://media.discordapp.net/attachments/1016936737261490237/1018414990690107462/wG9xWQBK.png?width=298&height=298 ,,,,,,,,
2mins in hell | 2 minutes in hell | two mins in hell | two minutes in hell,TRUE,https://cdn.discordapp.com/attachments/1016936737261490237/1017705159670906901/2MININHELL.m4a,,,,JTK,unreleased,"January 16, 2018",2015,J Knight,
30 hours | 30 hours freestyle | thirty hours | thirty hours freestyle,FALSE,https://cdn.discordapp.com/attachments/1016936737261490237/1018622614031306892/30_Hrs_Freestyle.m4a,,,,,,,,,
38 special | .38 special | go go | thirty eight special | 38,FALSE,https://cdn.discordapp.com/attachments/1016936737261490237/1017696480607338527/GO_GO_MAGICAL.mp3|,,,,,,,,,
4:00 am | 4am | 400am | 4 | four am | crack addict | give me my fix,TRUE,https://cdn.discordapp.com/attachments/1016936737261490237/1017893842701258903/Give_Me_My_Fix.m4a,https://media.discordapp.net/attachments/1016936737261490237/1017281799543599194/Give_Me_My_Fix5.jpeg|https://media.discordapp.net/attachments/1016936737261490237/1017281799908511785/give_me_my_fix4.jpeg?width=1366&height=1366|https://media.discordapp.net/attachments/1016936737261490237/1017281800793509908/Give_Me_My_Fix3.jpeg?width=1366&height=1366|https://media.discordapp.net/attachments/1016936737261490237/1017281801275846757/Give_me_my_fix2.jpeg|https://media.discordapp.net/attachments/1016936737261490237/1017281801598812191/Give_me_my_fix.jpeg|https://media.discordapp.net/attachments/1016936737261490237/1017281802014044230/Crack_Addict_1.jpeg?width=1366&height=1366|https://media.discordapp.net/attachments/1016936737261490237/1017281802567700511/Crack_addict.jpeg,https://cdn.discordapp.com/attachments/1016936737261490237/1017280737017339965/Give_Me_My_Fix.mp4|https://cdn.discordapp.com/attachments/1016936737261490237/1017280737331904583/Give_Me_My_Fix-2.mp4|https://cdn.discordapp.com/attachments/1016936737261490237/1017280738107867176/Give_Me_My_Fix-3.mp4,,DRFL,unreleased,"August 25, 2020.","December [?], 2018.",Nick Mira,
5:00 am | 5am | 500am | 5 | five am,FALSE,https://cdn.discordapp.com/attachments/1016936737261490237/1017705254562840607/5AM_I_m_Cool.m4a,,,,,,,,,
6 | six,FALSE,,,,,,,,,,
67 | sixty seven,FALSE,https://cdn.discordapp.com/attachments/1021247119425798157/1021287038672191538/67.m4a,,,,,,,,,
70s | seventies | seventys | the 70s | the seventies | the seventys,FALSE,https://cdn.discordapp.com/attachments/1021247119425798157/1021287236882415707/The_70s.m4a,,,,,,,,,
734 | seven three four | seven hundred thirty four,FALSE,https://cdn.discordapp.com/attachments/1016936737261490237/1017274824327958699/Think_Too_Much.mp3 | https://cdn.discordapp.com/attachments/1016936737261490237/1017274834780160092/7.3.4_Version_1.mp3 | https://cdn.discordapp.com/attachments/1016936737261490237/1017274847417614416/7.3.4_Version_2.mp3 | https://cdn.discordapp.com/attachments/1016936737261490237/1017274871161573386/Juice_WRLD_-_734_OG.mp3 | https://cdn.discordapp.com/attachments/1016936737261490237/1017275511896023091/734_Think_Too_Much_OG.wav ,,,,,,,,,
7am freestyle | 7:00 am freestyle | seven am freestyle,FALSE,,,,,,,,,,
8 min freestyle | feel real | 8 minute freestyle | eight minute freestyle | eight min freestyle,FALSE,https://cdn.discordapp.com/attachments/1021247119425798157/1021287743545933864/8_Minute_Freestyle.m4a,,,,,,,,,
808 freestyle | split my brains | eight o eight freestyle | eight zero eight freestyle,FALSE,https://cdn.discordapp.com/attachments/1021247119425798157/1021287794787749909/Split_My_Brain_808_Freestye.m4a,,,,,,,,,
9 minute freestyle | 9 min freestyle | nine min freestyle,FALSE,,,,,,,,,,
90210 | speed demon,FALSE,https://cdn.discordapp.com/attachments/1021247119425798157/1021287866124484628/Speed_Demon.m4a,,,,,,,,,
999,FALSE,https://cdn.discordapp.com/attachments/1021247119425798157/1021287947577868318/999.m4a,,,,,,,,,
abyss | real right,FALSE,,,,,,,,,,
abyss | the party never ends | no bystanders og | no bystanders | no bystanders v2,FALSE,,,,,,,,,,
abyss interlude | abyss,FALSE,https://cdn.discordapp.com/attachments/1016936737261490237/1016963050357674055/Aint_Talking_Toronto_ft._GDo.m4a,,,,,,,,,
act right,FALSE,,,,,,,,,,
addicted | love and drugs,FALSE,,,,,,,,,,
adore you | dark knight | seen a soul like yours | hold u | adore u | hold you,FALSE,https://onlyfiles.io/f/21cca42b629543d3a2e1e866131c202e,https://cdn.discordapp.com/attachments/978161565691953184/1000617946462302328/Adore_Youq1hh.png|https://cdn.discordapp.com/attachments/978161565691953184/1000617946789462137/Adore_You_hh.png|https://cdn.discordapp.com/attachments/978161565691953184/1000617947062079538/Adore_You.hh.jpg|https://cdn.discordapp.com/attachments/978161565691953184/1000617947271811072/Adore_You_hh.JPG,https://cdn.discordapp.com/attachments/1009545334826995813/1009556064473202819/Adore_You6.hh.mov|https://cdn.discordapp.com/attachments/1009545334826995813/1009556065114923008/Adore_You.5.hh.mov|https://cdn.discordapp.com/attachments/1009545334826995813/1009556065668567141/Adore_You.4.hh.mov|https://cdn.discordapp.com/attachments/1009545334826995813/1009556072849219634/Adore_You1.hh.mp4|https://cdn.discordapp.com/attachments/1009545334826995813/1009556066427740281/Adore_You3.hh.mp4|https://cdn.discordapp.com/attachments/1009545334826995813/1009556204835577886/Adore_You7.hh.mov|https://cdn.discordapp.com/attachments/1009545334826995813/1009556068088692746/Adore_You2.hh.mp4,,,,,,,
agree to disagree,FALSE,,,,,,,,,,
aint livin right | aint living right,FALSE,,,,,,,,,,
aint talkin toronto,FALSE,,,,,,,,,,
airport security,FALSE,,,,,,,,,,
all alone | on my own | fighting | all on my own,FALSE,,,,,,,,,,
all burnt up,FALSE,,,,,,,,,,
all girls are the same | same,FALSE,https://cdn.discordapp.com/attachments/1016936737261490237/1016963087640838165/All_Burnt_Up.m4a,,,,,,,,,
all night,FALSE,,,,,,,,,,
all of me | what to think | dolce,FALSE,,,,,,,,,,
all out,FALSE,,,,,,,,,,
all smoke,FALSE,,,,,,,,,,
all talk | bankroll,FALSE,,https://cdn.discordapp.com/attachments/1016936737261490237/1017716789305679922/Juice_Wrld_makonnen_-_100_band_jugg_v1.2_170_rexjuice2.wav|https://onlyfiles.io/f/89c79f790217403b836e7193182b413a|https://cdn.discordapp.com/attachments/1008460764098609283/1008465365761802260/100_Band_Jugg_feat._iLoveMakonnen.m4a,,,,,,,,
all the same,FALSE,,,,,,,,,,
already,FALSE,,,,,,,,,,
already dead | relapse,FALSE,,,,,,,,,,
alright | buried alive,FALSE,,,,,,,,,,
always workin,FALSE,,,,,,,,,,
analog,FALSE,,,,,,,,,,
and go | come & go | ruin this one | off my chest | come and go | & go,FALSE,,,,,,,,,,
animal | obsessed | but how,FALSE,https://cdn.discordapp.com/attachments/1016936737261490237/1016954637493993472/Anything_But_Normal.m4a,https://media.discordapp.net/attachments/1016936737261490237/1016955511289155594/Anything_but_normal.jpeg?width=590&height=590|https://media.discordapp.net/attachments/1016936737261490237/1016955511524048936/Anything_But_Normal.png,,,WOD,Unreleased,"September 6, 2019","June 18, 2018",Take A Daytrip,
another one | dj khaled,FALSE,,,,,,,,,,
another thing to do it | attdi | do it,FALSE,,,,,,,,,,
another way,FALSE,,,,,,,,,,
anxiety,FALSE,,,,,,,,,,
any other way,FALSE,,,,,,,,,,
anything but normal,FALSE,,,,,,,,,,
aquafina | in the cut,FALSE,,,,,,,,,,
armed and dangerous | armed & dangerous,FALSE,,,,,,,,,,
army armory,FALSE,,,,,,,,,,
astray,FALSE,https://cdn.discordapp.com/attachments/1016936737261490237/1017697150605475890/astray_magical_edit.mp3,,,,,,,,,
astronauts,FALSE,,,,,,,,,,
attachments | i fell in love with the attachments | versace,FALSE,,,,,,,,,,
autograph | on my line | twitter beef,FALSE,,,,,,,,,,
aye aye,FALSE,,,,,,,,,,
aye ayee | ayee | god damn,FALSE,,,,,,,,,,
back home,FALSE,,,,,,,,,,
back in chicago | first class | broke ass,FALSE,,,,,,,,,,
back on it,FALSE,,,,,,,,,,
bad boy | the bad boys,FALSE,,,,,,,,,,
bad energy | bad memories,FALSE,,,,,,,,,,
baguettes | chanel vintage | peanut butter seats,FALSE,,,,,,,,,,
ball | larry bird,FALSE,,,,,,,,,,
bandit | molly savage | stole her | bad bitch bandit,FALSE,,,,,,,,,,
bank account,FALSE,,,,,,,,,,
barbarian | vandal,FALSE,,,,,,,,,,
battle scars,FALSE,,,,,,,,,,
been a while | last time,FALSE,,,,,,,,,,
been myself,FALSE,,,,,,,,,,
been through this | thousand times | a thousand times | 1000 times | ive been thought this a 1000 times,FALSE,,,,,,,,,,
before tomorrow,FALSE,,,,,,,,,,
bel air,FALSE,,,,,,,,,,
best around | racks out,FALSE,,,,,,,,,,
best believe,FALSE,,,,,,,,,,
best of em | western,FALSE,,,,,,,,,,
betray my trust | betrayal,FALSE,,,,,,,,,,
better off alone,FALSE,,,,,,,,,,
big,FALSE,,,,,,,,,,
big dog,FALSE,,,,,,,,,,
big swag,FALSE,,,,,,,,,,
billy idol | mary jane,FALSE,,,,,,,,,,
birds eye view | girl i knew,FALSE,,,,,,,,,,
biscotti in the air | real ones | putting biscotti in the air,FALSE,,,,,,,,,,
bitch youre done | youre done | ur done | bitch ur done,FALSE,,,,,,,,,,
bitter asff | bitter asf,FALSE,,,,,,,,,,
bitty | bity,FALSE,,,,,,,,,,
black & white | black and white | friends,FALSE,,,,,,,,,,
blastoff | blast off,FALSE,,,,,,,,,,
blink 182,FALSE,,,,,,,,,,
blood on my jeans | on the run,FALSE,,,,,,,,,,
bloody blade | carved in my brain,FALSE,,,,,,,,,,
blowing up,FALSE,,,,,,,,,,
blue cash,FALSE,,,,,,,,,,
blue shit | gentleman,FALSE,,,,,,,,,,
body bag | catch a body,FALSE,,,,,,,,,,
bonnie & clyde | bonnie and clyde,FALSE,,,,,,,,,,
boomerang | livin life,FALSE,,,,,,,,,,
boondocks | broke to rich,FALSE,,,,,,,,,,
boss of me,FALSE,,,,,,,,,,
bottle,FALSE,,,,,,,,,,
bout that,FALSE,,,,,,,,,,
boy wit da bandz | goin crazy,FALSE,,,,,,,,,,
buck 50,FALSE,,,,,,,,,,
bullet for my valentine,FALSE,,,,,,,,,,
burn | in the fire,FALSE,,,,,,,,,,
bury me alive | did it again | lullabies | i did it again | used to,FALSE,,,,,,,,,,
busch,FALSE,,,,,,,,,,
bussin,FALSE,,,,,,,,,,
bustin | savages,FALSE,,,,,,,,,,
bye bye | out your mind,FALSE,,,,,,,,,,
ca$h out | cash out | black out,TRUE,https://cdn.discordapp.com/attachments/1016936737261490237/1021267605056659526/Cah_Out_ft._G_Herbo.m4a,https://media.discordapp.net/attachments/1016936737261490237/1021273745014407299/Cash_out.jpeg?width=632&height=632 | https://media.discordapp.net/attachments/1016936737261490237/1021273745337372712/Cashout.png?width=632&height=632,https://cdn.discordapp.com/attachments/1016936737261490237/1021269575561654353/Cah_Out.mp4|https://cdn.discordapp.com/attachments/1016936737261490237/1021269576094326864/Cah_Out-5.mp4|https://cdn.discordapp.com/attachments/1016936737261490237/1021269576706687048/Cah_Out-3.mp4|https://cdn.discordapp.com/attachments/1016936737261490237/1021269577163874364/Cah_Out-4.mp4|https://cdn.discordapp.com/attachments/1016936737261490237/1021269577583296614/Cah_Out-6.mp4|https://cdn.discordapp.com/attachments/1016936737261490237/1021269578229239888/Cah_Out-2.mp4|https://cdn.discordapp.com/attachments/1016936737261490237/1021269579080667136/Cah_Out-7.mp4,,JW3,unreleased,"March 18, 2021.","October 1, 2019",KBeaZy & Keanu Beats & Engineered by Max Lord,G Herbo
cake | molly water | sacrifices | off this earth | purge | flavor,TRUE,https://cdn.discordapp.com/attachments/1016936737261490237/1021273460212760636/Cake.m4a,https://media.discordapp.net/attachments/1016936737261490237/1021274589931773952/Cake_v1.jpeg?width=632&height=632| https://media.discordapp.net/attachments/1016936737261490237/1021274590183428147/Cake_v2.jpeg?width=632&height=632 |https://media.discordapp.net/attachments/1016936737261490237/1021274590460256277/Cake_v3.jpeg?width=632&height=632 | https://media.discordapp.net/attachments/1016936737261490237/1021274590716112916/Cake_v4.jpeg?width=632&height=632 | https://media.discordapp.net/attachments/1016936737261490237/1021274591034875914/Cake_v1.png?width=632&height=632 | https://media.discordapp.net/attachments/1016936737261490237/1021274591450107934/Cake_v2.jpeg?width=632&height=632 | https://media.discordapp.net/attachments/1016936737261490237/1021274592049905764/Cake.jpeg?width=632&height=632 | https://media.discordapp.net/attachments/1016936737261490237/1021274592918118483/Cake.png?width=632&height=632 | https://media.discordapp.net/attachments/1016936737261490237/1021274593492733962/Cake2.jpeg?width=632&height=632,https://cdn.discordapp.com/attachments/1016936737261490237/1021282537793912901/Cake-2.mp4|https://cdn.discordapp.com/attachments/1016936737261490237/1021282538456616991/Cake.mp4|https://cdn.discordapp.com/attachments/1016936737261490237/1021282539006087278/Cake-3.mp4|https://cdn.discordapp.com/attachments/1016936737261490237/1021282539589087242/Cake-4.mp4|https://cdn.discordapp.com/attachments/1016936737261490237/1021282552188768306/Cake.mov,,The Abyss,unreleased,"August 1, 2020","October 14, 2018",Nick Mira,
cali girl | cali | where are you | cali girl where are you | cali girl... where are you</3,TRUE,https://cdn.discordapp.com/attachments/1016936737261490237/1021287053608112178/Cali_Girl_Where_Are_You.m4a,https://images-ext-1.discordapp.net/external/4oQxpxJfnsIcB3vDswF0FyZmD2M9j75o7FzegWaYu5s/https/t2.genius.com/unsafe/327x327/https%253A%252F%252Fimages.genius.com%252Ffdd6be8fe7cf777f68891939c88941ec.500x500x1.jpg?width=294&height=294,https://cdn.discordapp.com/attachments/1016936737261490237/1021287053268365422/Cali_Girl.mp4|https://cdn.discordapp.com/attachments/1016936737261490237/1021287052786028595/Cali_Girl...._Where_are_you.mp4 | https://cdn.discordapp.com/attachments/1016936737261490237/1021287052207210506/Cali_Girl...._Where_are_you-2.mp4,,JTK,"May 30, 2017",,"Febuary 12, 2017",Nick Mira,
californication | relocate,TRUE,https://cdn.discordapp.com/attachments/1016936737261490237/1021289239863902218/Californication.m4a,https://media.discordapp.net/attachments/1016936737261490237/1021289239620628510/californication.jpeg?width=632&height=632| https://media.discordapp.net/attachments/1016936737261490237/1021289246180507728/Californication.png?width=632&height=632 |https://media.discordapp.net/attachments/1016936737261490237/1021289246709006396/Californication2.jpeg?width=632&height=632,,,JW3,unreleased,April 30 2022,"[?] 2019, Bounced / Exported January 26, 2020",London on da Track & Rex Kudo,
candles,TRUE,https://cdn.discordapp.com/attachments/1016936737261490237/1021291190546595850/Candles.m4a,https://media.discordapp.net/attachments/1016936737261490237/1021291568252076042/Goodbye__Good_Riddance.png?width=632&height=632,,,GBGR,May 23 2018,,"February 1, 2018","Jo L'Z, Nik Mira & Taz Taylor",
cant be saved | dylan | delorean,TRUE,https://cdn.discordapp.com/attachments/1016936737261490237/1021297896093655080/Cant_Be_Saved.mp3 | https://cdn.discordapp.com/attachments/1016936737261490237/1021297899017093160/Juice_-_Cant_Be_Saved_Reprod._Jayden.mp3,https://media.discordapp.net/attachments/1016936737261490237/1021299165457821776/Cant_be_saved.jpeg?width=632&height=632 | https://media.discordapp.net/attachments/1016936737261490237/1021299165709467678/Delorean.jpeg?width=632&height=632,https://cdn.discordapp.com/attachments/1016936737261490237/1021297897188368404/Cant_Be_Saved-2.mp4https://cdn.discordapp.com/attachments/1016936737261490237/1021297897888829520/Cant_Be_Saved-3.mp4 | https://cdn.discordapp.com/attachments/1016936737261490237/1021297898656366612/Cant_Be_Saved.mp4,,JW3,unreleased,August 16 2020,March 26 2019,Gezin & Southside,
cant feel my face | safe | safe og,FALSE,,,,,,,,,,
cant go,FALSE,,,,,,,,,,
cant help it | emotional overdose,FALSE,,,,,,,,,,
cant keep up | cash up,FALSE,,,,,,,,,,
cant leave you alone | marroon 5,FALSE,,,,,,,,,,
cant let go | special,FALSE,,,,,,,,,,
cant survive,FALSE,,,,,,,,,,
carry it | gun,FALSE,,,,,,,,,,
cavalier | kung fu,FALSE,,,,,,,,,,
cerebral | obsessed,FALSE,,,,,,,,,,
cha ching | spend it,FALSE,,,,,,,,,,
change you down | chase you down,FALSE,,,,,,,,,,
cheat code | no reload,FALSE,,,,,,,,,,
chicago to la | couple ms,FALSE,,,,,,,,,,
chimp | pimp,FALSE,,,,,,,,,,
choppa,FALSE,,,,,,,,,,
chosen one,FALSE,,,,,,,,,,
chrome | cardi b choppa,FALSE,,,,,,,,,,
cigarettes,FALSE,,,,,,,,,,
classic trap,FALSE,,,,,,,,,,
classroom,FALSE,,,,,,,,,,
clean heart | heart clean,FALSE,,,,,,,,,,
club wit a k,FALSE,,,,,,,,,,
cocaine,FALSE,,,,,,,,,,
codeine casket,FALSE,,,,,,,,,,
codeine cobain,FALSE,,,,,,,,,,
codeine guzzler,FALSE,,,,,,,,,,
codependent | not that easy,FALSE,,,,,,,,,,
come around,FALSE,,,,,,,,,,
coming over | heartbreak music,FALSE,,,,,,,,,,
common sense | i love you ,FALSE,,,,,,,,,,
complications,FALSE,,,,,,,,,,
condone it,FALSE,,,,,,,,,,
confessions | rough ,FALSE,,,,,,,,,,
confide | help me hide,FALSE,,,,,,,,,,
confide to,FALSE,,,,,,,,,,
confused,FALSE,,,,,,,,,,
conjuring | wont die,FALSE,,,,,,,,,,
connection,FALSE,,,,,,,,,,
contained | change | leave me dead,FALSE,,,,,,,,,,
conversations | devil conversations,FALSE,,,,,,,,,,
cooking orders | gun in the bag,FALSE,,,,,,,,,,
coraline | call me coraline,FALSE,,,,,,,,,,
coupe | crew | yo bishh,FALSE,,,,,,,,,,
cowboy hunt,FALSE,,,,,,,,,,
crossing the line | clean,FALSE,,,,,,,,,,
cruising,FALSE,,,,,,,,,,
cursed | lotti blu ray,FALSE,,,,,,,,,,
cursed heart | dont play,FALSE,,,,,,,,,,
dagger | facetime,FALSE,,,,,,,,,,
daily,FALSE,,,,,,,,,,
damn right | what i wanna do,FALSE,,,,,,,,,,
danny phantom,FALSE,,,,,,,,,,
dark arts | lock on | barry bonds,FALSE,,,,,,,,,,
dark place,FALSE,,,,,,,,,,
dark thoughts | on your mind,FALSE,,,,,,,,,,
dark tints | double rs,FALSE,,,,,,,,,,
day one,FALSE,,,,,,,,,,
death penalty | dark queen,FALSE,,,,,,,,,,
death race | death race for love | drfl,FALSE,,,,,,,,,,
deep in,FALSE,,,,,,,,,,
demise,FALSE,,,,,,,,,,
demo wreck,FALSE,,,,,,,,,,
demon love,FALSE,,,,,,,,,,
demons and angels og | hang with us | demons and angels | demons & angels,FALSE,,,,,,,,,,
denial | denial </3 demo | denial demo,FALSE,,,,,,,,,,
deprived,FALSE,,,,,,,,,,
desire,FALSE,,,,,,,,,,
devil horns,FALSE,,,,,,,,,,
die to live,FALSE,,,,,,,,,,
die to me,FALSE,,,,,,,,,,
different | different story,FALSE,,,,,,,,,,
different phases | matrix | this cant be happening | this cant be happening <3 og,FALSE,,,,,,,,,,
diors,FALSE,,,,,,,,,,
dirty soda | do the most | no coaster | coca cola | the coast,FALSE,,,,,,,,,,
dj khalid,FALSE,,,,,,,,,,
do re mi | man down,FALSE,,,,,,,,,,
do you know the way | the way | do you know the wae | the wae | v1 | v2,FALSE,,,,,,,,,,
dome | juck,FALSE,,,,,,,,,,
dont care,FALSE,,,,,,,,,,
dont go | widow,FALSE,,,,,,,,,,
dont got time,FALSE,,,,,,,,,,
dont know what im on | dont know what i know,FALSE,,,,,,,,,,
dont talk to me,FALSE,,,,,,,,,,
doom,FALSE,,,,,,,,,,
door | meet me at the door | uh,FALSE,,,,,,,,,,
draco on me | backwoods,FALSE,,,,,,,,,,
dream$ | dreams,FALSE,,,,,,,,,,
drive me crazy,FALSE,,,,,,,,,,
drivin so fast | so fast,FALSE,,,,,,,,,,
drown,FALSE,,,,,,,,,,
drugs are my friends | sick | sick of my friends,FALSE,,,,,,,,,,
drugz,FALSE,,,,,,,,,,
drunk and honest ducks,FALSE,,,,,,,,,,
ducks,FALSE,,,,,,,,,,
dumb slut,FALSE,,,,,,,,,,
dummy,FALSE,,,,,,,,,,
dyslexic | hectic,FALSE,,,,,,,,,,
electric chair | insecurities,FALSE,,,,,,,,,,
elevate,FALSE,,,,,,,,,,
empty,FALSE,,,,,,,,,,
end of the road,FALSE,,,,,,,,,,
everlasting | let it bust,FALSE,,,,,,,,,,
everlasting love,FALSE,,,,,,,,,,
evil twins,FALSE,,,,,,,,,,
eye contact | look me in the eyes,FALSE,,,,,,,,,,
eyes up,FALSE,,,,,,,,,,
facetious | for the weekend,FALSE,,,,,,,,,,
faded | oh no,FALSE,,,,,,,,,,
fall back,FALSE,,,,,,,,,,
fall through,FALSE,,,,,,,,,,
falling down,FALSE,,,,,,,,,,
fast | last call,FALSE,,,,,,,,,,
fast forward | passport,FALSE,,,,,,,,,,
feel alone | stuck in my mind,FALSE,,,,,,,,,,
feeling,FALSE,,,,,,,,,,
feeling myself | psychedelics,FALSE,,,,,,,,,,
feline,FALSE,,,,,,,,,,
fever | nerves,FALSE,,,,,,,,,,
fine china,FALSE,,,,,,,,,,
finessin hoes | for your life | on the daily,FALSE,,,,,,,,,,
fire,FALSE,,,,,,,,,,
fire in my lungs,FALSE,,,,,,,,,,
fireflies | fire flies | must be nice,FALSE,,,,,,,,,,
first time,FALSE,,,,,,,,,,
flavor,FALSE,,,,,,,,,,
flaws | ray charles,FALSE,,,,,,,,,,
flaws and sins,FALSE,,,,,,,,,,
fleur de lis | mr freeze | mr.freeze | fur elise | fÃ¼r elise,FALSE,,,,,,,,,,
flex,FALSE,,,,,,,,,,
flintstones | wartime,FALSE,,,,,,,,,,
floor it,FALSE,,,,,,,,,,
foo foo | amusing,FALSE,,,,,,,,,,
for the taking,FALSE,,,,,,,,,,
forever | left you | pt2 | forever pt2,FALSE,,,,,,,,,,
forever love,FALSE,,,,,,,,,,
forget me not | dont forget me | smile to go,FALSE,,,,,,,,,,
four words | fuck you pay me | fypm,FALSE,,,,,,,,,,
franky on me,FALSE,,,,,,,,,,
freaked it | air em out,FALSE,,,,,,,,,,
freestyle | freestyle 2 | iceberg avalanche | buckle my shoe | juice x chance freestyle | nothin but a g thang | reach,FALSE,,,,,,,,,,
friends die | fuck about your feelings,FALSE,,,,,,,,,,
from afar,FALSE,,,,,,,,,,
from my window | world from my window | wrld from my window | 3 xans | window | xo | wrld my window,FALSE,,,,,,,,,,
from the bottom,FALSE,,,,,,,,,,
from the start,FALSE,,,,,,,,,,
fuck it | how dat go,FALSE,,,,,,,,,,
fuck it up,FALSE,,,,,,,,,,
fuck you mean | fym,FALSE,,,,,,,,,,
gamble | off the rip | rich,FALSE,,,,,,,,,,
game,FALSE,,,,,,,,,,
gave her all of me,FALSE,,,,,,,,,,
get geeked,FALSE,,,,,,,,,,
get over | heart of mine,FALSE,,,,,,,,,,
get through it | get through it interlude | interlude | if anybody,FALSE,,,,,,,,,,
girl of my dreams,FALSE,,,,,,,,,,
girl with the blonde hair | artic tundra,FALSE,,,,,,,,,,
girlfriend | your loss | try again,FALSE,,,,,,,,,,
globetrotter | money,FALSE,,,,,,,,,,
glock handler,FALSE,,,,,,,,,,
go | paid | go go go,FALSE,,,,,,,,,,
go hard | go hard 2.0,FALSE,,,,,,,,,,
go home,FALSE,,,,,,,,,,
godzilla,FALSE,,,,,,,,,,
goin crazy,FALSE,,,,,,,,,,
golden x get away | golden x getaway interlude | golden getaway | interlude,FALSE,,,,,,,,,,
gone,FALSE,,,,,,,,,,
good day,FALSE,,,,,,,,,,
good days | yeah yeah yeah,FALSE,,,,,,,,,,
good time | good times | all life long,FALSE,,,,,,,,,,
goosebumps 2k17 | 2k17 goosebumps | goosebumps remix,FALSE,,,,,,,,,,
gopro,FALSE,,,,,,,,,,
got nothing on me | your boyfriend,FALSE,,,,,,,,,,
goyard bag | brand new,FALSE,,,,,,,,,,
grace,FALSE,,,,,,,,,,
graduation,FALSE,,,,,,,,,,
grateful | v1 | v2,FALSE,,,,,,,,,,
gta | grand theft auto,FALSE,,,,,,,,,,
gucci purse | kyrie irving,FALSE,,,,,,,,,,
gun you down | 2 percs,FALSE,,,,,,,,,,
haha | im too high,FALSE,,,,,,,,,,
hairline trigger | maybe,FALSE,,,,,,,,,,
hard at life | move the bale,FALSE,,,,,,,,,,
hard to digest | mr miyagi | mr.miyagi,FALSE,,,,,,,,,,
hard work pays off | hard work,FALSE,,,,,,,,,,
hate her friends | i hate her friends | trip to france,FALSE,,,,,,,,,,
hate me,FALSE,,,,,,,,,,
hear me calling,FALSE,,,,,,,,,,
heart exposure | mood,FALSE,,,,,,,,,,
heavy | heavy hook only | hook only,FALSE,,,,,,,,,,
hell,FALSE,,,,,,,,,,
hell girl | choppa,FALSE,,,,,,,,,,
hemotions | muddy emotions,FALSE,,,,,,,,,,
hennessy | henny,FALSE,,,,,,,,,,
her friend,FALSE,,,,,,,,,,
here we go again,FALSE,,,,,,,,,,
heroin music | pills in the regal | party by myself | pills and the reefer,FALSE,,,,,,,,,,
hey mister,FALSE,,,,,,,,,,
hey wonderland,FALSE,,,,,,,,,,
hi tech talk | kill tech top | hi tech top | kill tech talk,FALSE,,,,,,,,,,
hide,FALSE,,,,,,,,,,
high all week | open shop,FALSE,,,,,,,,,,
high tide | surfin,FALSE,,,,,,,,,,
his to keep,FALSE,,,,,,,,,,
hit | issues,FALSE,,,,,,,,,,
hit a lick,FALSE,,,,,,,,,,
hold me down,FALSE,,,,,,,,,,
hold my hand,FALSE,,,,,,,,,,
hollywood dreams | hollywood dreams come true | hollywood dreams come true 999,FALSE,,,,,,,,,,
homocide,FALSE,,,,,,,,,,
honest | hook,FALSE,,,,,,,,,,
honestly,FALSE,,,,,,,,,,
hope i did it,FALSE,,,,,,,,,,
horrible | lean wit it,FALSE,,,,,,,,,,
hot ham | hot ham remix | 2 many,FALSE,,,,,,,,,,
hunnid,FALSE,,,,,,,,,,
hurt me | sticks and stones | sticks & stones,FALSE,,,,,,,,,,
hypnotic | keep it together | hypnotic og | long day ,FALSE,,,,,,,,,,
i do this | for you,FALSE,,,,,,,,,,
i dont know,FALSE,,,,,,,,,,
i dont need it,FALSE,,,,,,,,,,
I dont want to lose you | I dont want to lose you freestyle | freestyle | lose you,FALSE,,,,,,,,,,
i know one thing | i know one thing <3,FALSE,,,,,,,,,,
i love it | luv,FALSE,,,,,,,,,,
i need you | out of luck | not enough,FALSE,,,,,,,,,,
i swear,FALSE,,,,,,,,,,
i wanna,FALSE,,,,,,,,,,
i will follow | try this,FALSE,,,,,,,,,,
i wonder whats wrong | i wonder | demons in my mind | scheming,FALSE,,,,,,,,,,
idgaf | i dont give a fuck,FALSE,,,,,,,,,,
ill be fine,FALSE,,,,,,,,,,
im still,FALSE,,,,,,,,,,
im the shit | imda$$ixx,FALSE,,,,,,,,,,
impatient | keycard,FALSE,,,,,,,,,,
in a minute | antisocial | v1 | v2 | v3,FALSE,,,,,,,,,,
in a mix,FALSE,,,,,,,,,,
in my arm | bad news,FALSE,,,,,,,,,,
in my bag | bruce wayne,FALSE,,,,,,,,,,
in my head,FALSE,,,,,,,,,,
in my heart,FALSE,,,,,,,,,,
in the cut,FALSE,,,,,,,,,,
in the moment | she on the go,FALSE,,,,,,,,,,
in the summer | gave her all of me | another place | v1 | v2,FALSE,,,,,,,,,,
in the trap,FALSE,,,,,,,,,,
in this bitch | v2 | v3,FALSE,,,,,,,,,,
infatuated,FALSE,,,,,,,,,,
infrared,FALSE,,,,,,,,,,
inner peace | traveling | travelling,FALSE,,,,,,,,,,
iron on me | challenger,FALSE,,,,,,,,,,
irony,FALSE,,,,,,,,,,
issues | hit,FALSE,,,,,,,,,,
it wont hurt,FALSE,,,,,,,,,,
jack & jill | jack and jill | cheat code,FALSE,,,,,,,,,,
jack wit a bean | for the team | jack with a bean,FALSE,,,,,,,,,,
jeffery,FALSE,,,,,,,,,,
jet lag | jetlag | v1 ,FALSE,,,,,,,,,,
jordan | woah pt 2 | woah | woah pt.2,FALSE,,,,,,,,,,
juice never had to flex,FALSE,,,,,,,,,,
juicy,FALSE,,,,,,,,,,
junkie | dont care,FALSE,,,,,,,,,,
just letting you know,FALSE,,,,,,,,,,
k like a russian,FALSE,,,,,,,,,,
karate kid,FALSE,,,,,,,,,,
kawasaki,FALSE,,,,,,,,,,
keep it,FALSE,,,,,,,,,,
keep up | speed me up | v2 | v3,FALSE,,,,,,,,,,
kickflip,FALSE,,,,,,,,,,
kiki | king kong,FALSE,,,,,,,,,,
kill benjamin | money war,FALSE,,,,,,,,,,
killing my vibe | ignorant | bigger and better | bigger & better | v1 | v2 ,FALSE,,,,,,,,,,
killing myself,FALSE,,,,,,,,,,
kirbys selecta,FALSE,,,,,,,,,,
kkk | aint coming back,FALSE,,,,,,,,,,
know us,FALSE,,,,,,,,,,
knuck if you buck,FALSE,,,,,,,,,,
ktm drip | dont fall off | let em in,FALSE,,,,,,,,,,
lair | codeine music,FALSE,,,,,,,,,,
last call | fast v2,FALSE,,,,,,,,,,
late night | amazing,FALSE,,,,,,,,,,
late night thoughts,FALSE,,,,,,,,,,
lauryn hill | wishing well og | wishing well | v1 | v2,FALSE,,,,,,,,,,
lava girl | stick talk | lavagirl,FALSE,,,,,,,,,,
lavender town | tweekin | tweakin,FALSE,,,,,,,,,,
lavish,FALSE,,,,,,,,,,
lean wit me | live,FALSE,,,,,,,,,,
leave me alone | void,FALSE,,,,,,,,,,
left 4 dead | zombie shit | beam on my 9 | beam on my .9 | beam on my nine | left for dead,FALSE,,,,,,,,,,
legends,FALSE,,,,,,,,,,
let em know,FALSE,,,,,,,,,,
let go | hit the road,FALSE,,,,,,,,,,
let her leave,FALSE,,,,,,,,,,
let it go | v1| v3 | fenty | fenty freestyle | v2,FALSE,,,,,,,,,,
let me know | i wonder why freestyle,FALSE,,,,,,,,,,
let you know | on the low | what I need,FALSE,,,,,,,,,,
lets get it,FALSE,,,,,,,,,,
lets go,FALSE,,,,,,,,,,
life chase,FALSE,,,,,,,,,,
lifes a dungeon | chase the dragon,FALSE,,,,,,,,,,
lifes a mess | lifes a mess 2 | lifes a mess ii | v1 | v2 | v3 ,FALSE,,,,,,,,,,
like a pro,FALSE,,,,,,,,,,
live forever,FALSE,,,,,,,,,,
living at the top | simple,FALSE,,,,,,,,,,
lock box,FALSE,,,,,,,,,,
london interlude | roaming | london,FALSE,,,,,,,,,,
london tipton,FALSE,,,,,,,,,,
lone ranger | let me be,FALSE,,,,,,,,,,
long gone,FALSE,,,,,,,,,,
long gone pt 2,FALSE,,,,,,,,,,
long time coming,FALSE,,,,,,,,,,
loose screw | prolly,FALSE,,,,,,,,,,
lose a dream,FALSE,,,,,,,,,,
lose me,FALSE,,,,,,,,,,
lost cause,FALSE,,,,,,,,,,
lost her,FALSE,,,,,,,,,,
lost love,FALSE,,,,,,,,,,
lost my mind freestyle | lost my mind | freestyle,FALSE,,,,,,,,,,
lost too many | i lost too many | goblin,FALSE,,,,,,,,,,
lotti lotti | new girl | lurkin,FALSE,,,,,,,,,,
love and leave them | love & leave them | love and leave em,FALSE,,,,,,,,,,
love no hoe,FALSE,,,,,,,,,,
love over there,FALSE,,,,,,,,,,
love story | our love story | i need it,FALSE,,,,,,,,,,
love you always | starfire | being in love,FALSE,,,,,,,,,,
lovers lane | miles and miles,FALSE,,,,,,,,,,
lucid dreams | forget me | remember me | lucid dreams live | live | lucid dreams remix,FALSE,,,,,,,,,,
made it work | under 25,FALSE,,,,,,,,,,
make believe,FALSE,,,,,,,,,,
make it back | make it back v1 | v1,FALSE,,,,,,,,,,
make it sell,FALSE,,,,,,,,,,
make it there,FALSE,,,,,,,,,,
man down | rockstar boy | moment,FALSE,,,,,,,,,,
man man,FALSE,,,,,,,,,,
man of the year | breakthrough | v1 |v2,FALSE,,,,,,,,,,
mannequin challenge,FALSE,,,,,,,,,,
mansion | here i go again,FALSE,,,,,,,,,,
masterpiece,FALSE,,,,,,,,,,
matt hardy | matty hardy 999 | 1400/999 freestyle | 1400/999 freestyle pt. 2 | 1400/999 freestyle pt 2 | encore,FALSE,,,,,,,,,,
maze,FALSE,,,,,,,,,,
mclaren drive | tic tac toe | i dont care,FALSE,,,,,,,,,,
me,FALSE,,,,,,,,,,
me & u | me and u | me and you | me & you,FALSE,,,,,,,,,,
meadows | rose petals,FALSE,,,,,,,,,,
megan good | never ever good | megan good v2 | v1 | v2 | v8,FALSE,,,,,,,,,,
melody,FALSE,,,,,,,,,,
mental overload,FALSE,,,,,,,,,,
midnight | titanic,FALSE,,,,,,,,,,
migos,FALSE,,,,,,,,,,
mind control | eye contact,FALSE,,,,,,,,,,
mind games,FALSE,,,,,,,,,,
minus | lette | minus v2 | minus v3 | v1 | v2 | v3,FALSE,,,,,,,,,,
misery avenue v1 | back to me | this is me | misery avenue v2 | misery avenue v4 | misery avenue | v1 |v2 | v4,FALSE,,,,,,,,,,
misunderstood | misunderstud,FALSE,,,,,,,,,,
mmmmm | mmm | mm,FALSE,,,,,,,,,,
molly and mike | molly & mike | molly n mike,FALSE,,,,,,,,,,
moncler year | dirt bike,FALSE,,,,,,,,,,
money hunt | double dutch,FALSE,,,,,,,,,,
moonlight,FALSE,,,,,,,,,,
morning again | in the morning again,FALSE,,,,,,,,,,
morphine,FALSE,,,,,,,,,,
moshpit,FALSE,,,,,,,,,,
mothership,FALSE,,,,,,,,,,
motions | motion,FALSE,,,,,,,,,,
move on | help me,FALSE,,,,,,,,,,
moves | moves <3,FALSE,,,,,,,,,,
mr heart break | mr.heartbreak | v1 | v2,FALSE,,,,,,,,,,
murder rate | keep save,FALSE,,,,,,,,,,
my bad,FALSE,,,,,,,,,,
my fault | my fault <3 | all my fault,FALSE,,,,,,,,,,
my gang | together,FALSE,,,,,,,,,,
my life in a nutshell | milan | pain heal,FALSE,,,,,,,,,,
my phone,FALSE,,,,,,,,,,
my spot | hunt you down,FALSE,,,,,,,,,,
my way home | over sprung | oversprung | we just begun,FALSE,,,,,,,,,,
my way home pt 2 | used and abused | my way home part 2 | my way home pt. 2 | left for dead | left 4 dead,FALSE,,,,,,,,,,
my x was poison | my x was poison 9 9 9 | x-poison,FALSE,,,,,,,,,,
my year,FALSE,,,,,,,,,,
my zone,FALSE,,,,,,,,,,
narcotics | blues,FALSE,,,,,,,,,,
naruto,FALSE,,,,,,,,,,
nascar | forget it,FALSE,,,,,,,,,,
nesquick | hoover,FALSE,,,,,,,,,,
never cared | young god,FALSE,,,,,,,,,,
never scared,FALSE,,,,,,,,,,
new finesse,FALSE,,,,,,,,,,
nightmare,FALSE,,,,,,,,,,
nintendo,FALSE,,,,,,,,,,
no benefits,FALSE,,,,,,,,,,
no breaks | cold summer | breaks over,FALSE,,,,,,,,,,
no chance,FALSE,,,,,,,,,,
no depot | cheat code | nemo,FALSE,,,,,,,,,,
no good,FALSE,,,,,,,,,,
no hook,FALSE,,,,,,,,,,
no hook freestyle,FALSE,,,,,,,,,,
no issue | space cadets,FALSE,,,,,,,,,,
no jumper,FALSE,,,,,,,,,,
no laces,FALSE,,,,,,,,,,
no limit no hook | juice man | no limit,FALSE,,,,,,,,,,
no love no trust | trust no one,FALSE,,,,,,,,,,
no me ame | dont love me | no me ame v2 | v1 | v2,FALSE,,,,,,,,,,
no more,FALSE,,,,,,,,,,
no reason | what have i done,FALSE,,,,,,,,,,
no russian | relocate | v1,FALSE,,,,,,,,,,
no shame | fall in love,FALSE,,,,,,,,,,
no short cuts,FALSE,,,,,,,,,,
no time | toro,FALSE,,,,,,,,,,
no trespassing,FALSE,,,,,,,,,,
no vanity | lost my vanity,FALSE,,,,,,,,,,
no wrong | poison in the air,FALSE,,,,,,,,,,
nobody,FALSE,,,,,,,,,,
not sorry,FALSE,,,,,,,,,,
not that safe | stem,FALSE,,,,,,,,,,
nuketown,FALSE,,,,,,,,,,
numb the pain,FALSE,,,,,,,,,,
nuts itch | automatic,FALSE,,,,,,,,,,
oceans | waves,FALSE,,,,,,,,,,
off the rip | gamble,FALSE,,,,,,,,,,
oh dear | nlmb oh dear | nlmb,FALSE,,,,,,,,,,
oh my oh my,FALSE,,,,,,,,,,
oj glove | aj glove,FALSE,,,,,,,,,,
ok | leave me alone,FALSE,,,,,,,,,,
okay | okay! | okay!!,FALSE,,,,,,,,,,
old me | old me </3,FALSE,,,,,,,,,,
omen | overseer | blood sweat tears,FALSE,,,,,,,,,,
on a plane,FALSE,,,,,,,,,,
on and on | v2,FALSE,,,,,,,,,,
on god,FALSE,,,,,,,,,,
on my mind,FALSE,,,,,,,,,,
on the rise | count my dough,FALSE,,,,,,,,,,
on the road | let it off | reload,FALSE,,,,,,,,,,
on the run | blood on my jeans,FALSE,,,,,,,,,,
on time | righteous pt. 2 | righteous | righteous part 2 | righteous part two | righeous pt. two,FALSE,,,,,,,,,,
on tour | you dont know me | bonjour,FALSE,,,,,,,,,,
only for u | only for you,FALSE,,,,,,,,,,
only you on my mind,FALSE,,,,,,,,,,
oreo | v1 | v2,FALSE,,,,,,,,,,
orlando,FALSE,,,,,,,,,,
osama | catch up,FALSE,,,,,,,,,,
out my body,FALSE,,,,,,,,,,
out my way,FALSE,,,,,,,,,,
out the dust | rhyme poet,FALSE,,,,,,,,,,
out the projects,FALSE,,,,,,,,,,
outta pocket,FALSE,,,,,,,,,,
over n over | over & over | over and over,FALSE,,,,,,,,,,
oxy | v1,FALSE,,,,,,,,,,
oxy in the dark,FALSE,,,,,,,,,,
pain heal | my life in a nutshell,FALSE,,,,,,,,,,
paranoid,FALSE,,,,,,,,,,
pause,FALSE,,,,,,,,,,
peace of mind,FALSE,,,,,,,,,,
perc floating | coffins,FALSE,,,,,,,,,,
percaholic | boss of me,FALSE,,,,,,,,,,
percs,FALSE,,,,,,,,,,
personification | it aint so,FALSE,,,,,,,,,,
peru,FALSE,,,,,,,,,,
pesos,FALSE,,,,,,,,,,
pieces,FALSE,,,,,,,,,,
play fair,FALSE,,,,,,,,,,
play your role,FALSE,,,,,,,,,,
playing games | im not playing fair,FALSE,,,,,,,,,,
plug | lucid dreams pt. 2 | lucid dreams | lucid dreams part 2 | lucid dreams part two | lucid dreams pt. two,FALSE,,,,,,,,,,
pop it,FALSE,,,,,,,,,,
pop rock | pop tart,FALSE,,,,,,,,,,
pop-punkstar | pop punkstar | v1 | v2,FALSE,,,,,,,,,,
porridge,FALSE,,,,,,,,,,
potions | hell,FALSE,,,,,,,,,,
pressure me | dont play,FALSE,,,,,,,,,,
pretty boy,FALSE,,,,,,,,,,
priceless | wraith,FALSE,,,,,,,,,,
prime,FALSE,,,,,,,,,,
prime time | primetime,FALSE,,,,,,,,,,
ptsd,FALSE,,,,,,,,,,
pump | fight,FALSE,,,,,,,,,,
purple devil,FALSE,,,,,,,,,,
purple moncler,FALSE,,,,,,,,,,
purple substance | substance | double up,FALSE,,,,,,,,,,
put me down,FALSE,,,,,,,,,,
python,FALSE,,,,,,,,,,
quitter | no good woman,FALSE,,,,,,,,,,
race beginning,FALSE,,,,,,,,,,
racks in,FALSE,,,,,,,,,,
radio,FALSE,,,,,,,,,,
rain dance | v1 | v2 | v3,FALSE,,,,,,,,,,
rainbow | taste the rainbow,FALSE,,,,,,,,,,
ran off,FALSE,,,,,,,,,,
range,FALSE,,,,,,,,,,
ransom | ransom remix | v1,FALSE,,,,,,,,,,
rarris rovers,FALSE,,,,,,,,,,
ration | until the plug comes back around,FALSE,,,,,,,,,,
reach freestyle,FALSE,,,,,,,,,,
real shit,FALSE,,,,,,,,,,
realer n realer | real n realer | realer and realer | real and realer | realer & realer | real & realer | v1,FALSE,,,,,,,,,,
realize,FALSE,,,,,,,,,,
rebel blood,FALSE,,,,,,,,,,
red bently | gigalo,FALSE,,,,,,,,,,
red dead redemption,FALSE,,,,,,,,,,
red moonlight,FALSE,,,,,,,,,,
relapse,FALSE,,,,,,,,,,
remind me of the summer | addicitons,FALSE,,,,,,,,,,
reminds me of you | v1,FALSE,,,,,,,,,,
rental | cha ching | k,FALSE,,,,,,,,,,
rich and blind | rich & blind,FALSE,,,,,,,,,,
rich and dangerous | feel like a god,FALSE,,,,,,,,,,
rich forever | jetta,FALSE,,,,,,,,,,
rich nigga shit | rich ni**a shit | rich nigga | rich ni**a,FALSE,,,,,,,,,,
rider,FALSE,,,,,,,,,,
right now,FALSE,,,,,,,,,,
right or wrong,FALSE,,,,,,,,,,
righteous | righteous demo,FALSE,,,,,,,,,,
rikers,FALSE,,,,,,,,,,
ring ring | simmer down | royer | v1,FALSE,,,,,,,,,,
road runners,FALSE,,,,,,,,,,
robbery | robbery remix | robbery demo,FALSE,,,,,,,,,,
rock,FALSE,,,,,,,,,,
rockstar girl | rock star girl,FALSE,,,,,,,,,,
rockstar in his prime | deal wit this hurt | deal with this hurt | demo,FALSE,,,,,,,,,,
rockstar lifestyle,FALSE,,,,,,,,,,
rockstar status,FALSE,,,,,,,,,,
rodents,FALSE,,,,,,,,,,
roses,FALSE,,,,,,,,,,
rotate | drag race,FALSE,,,,,,,,,,
round,FALSE,,,,,,,,,,
run,FALSE,,,,,,,,,,
run a fade,FALSE,,,,,,,,,,
run away,FALSE,,,,,,,,,,
run that shit,FALSE,,,,,,,,,,
runaway | chills | fighting demons,FALSE,,,,,,,,,,
runaway freestyle | runaway remix | runaway,FALSE,,,,,,,,,,
rush,FALSE,,,,,,,,,,
rush sad rockstar | sad rockstar | chop a brick,FALSE,,,,,,,,,,
safe,FALSE,,,,,,,,,,
same clothes,FALSE,,,,,,,,,,
scared of love,FALSE,,,,,,,,,,
scarface | london,FALSE,,,,,,,,,,
scissors,FALSE,,,,,,,,,,
screw juice | infinity,FALSE,,,,,,,,,,
semi addict | static shock,FALSE,,,,,,,,,,
set me free | im not where i need to be | v1 | v2,FALSE,,,,,,,,,,
sexual healing,FALSE,,,,,,,,,,
shadows | sorrows,FALSE,,,,,,,,,,
shes the one | shes the 1,FALSE,,,,,,,,,,
shit talk | so hard,FALSE,,,,,,,,,,
shoot for love | shoot for you | v2,FALSE,,,,,,,,,,
shoot me love,FALSE,,,,,,,,,,
shorty,FALSE,,,,,,,,,,
shot em down,FALSE,,,,,,,,,,
sick em,FALSE,,,,,,,,,,
singalong | wrong lyrics right song,FALSE,,,,,,,,,,
skyline | freestyle | skyline freestyle,FALSE,,,,,,,,,,
slasher | v1,FALSE,,,,,,,,,,
sleep paralysis,FALSE,,,,,,,,,,
slenderman,FALSE,,,,,,,,,,
slick rick freestyle | slick rick freestyle 999 | slick rick | freestyle,FALSE,,,,,,,,,,
slide | slide remix,FALSE,,,,,,,,,,
slowly,FALSE,,,,,,,,,,
smile | sad | demo | v1,FALSE,,,,,,,,,,
smoke,FALSE,,,,,,,,,,
so fake,FALSE,,,,,,,,,,
so low | blind fold,FALSE,,,,,,,,,,
so what | too in love,FALSE,,,,,,,,,,
soda pop | apparent | v1 | v2,FALSE,,,,,,,,,,
some more,FALSE,,,,,,,,,,
someone new | $omething new,FALSE,,,,,,,,,,
something to prove,FALSE,,,,,,,,,,
sometimes | v1 | v2,FALSE,,,,,,,,,,
sour | midnight hours,FALSE,,,,,,,,,,
spanglish,FALSE,,,,,,,,,,
stabbed you | had to,FALSE,,,,,,,,,,
starfire interlude | tears,FALSE,,,,,,,,,,
stargazing | not an option,FALSE,,,,,,,,,,
starstruck | sadness | v1 | v2 | v3 | v4,FALSE,,,,,,,,,,
stay high | v1,FALSE,,,,,,,,,,
sticks | lit | ya dig,FALSE,,,,,,,,,,
stomp em out,FALSE,,,,,,,,,,
stop talking | stick talk,FALSE,,,,,,,,,,
stranger,FALSE,,,,,,,,,,
stuck in my ways,FALSE,,,,,,,,,,
stumblin | back and forth | back & forth,FALSE,,,,,,,,,,
submission,FALSE,,,,,,,,,,
substance | regardless | freestyle interlude,FALSE,,,,,,,,,,
sugarfish,FALSE,,,,,,,,,,
suicidal | be mine | sucidal remix | remix | v1 | v2,FALSE,,,,,,,,,,
sun | all in | gums,FALSE,,,,,,,,,,
sun goes down | lost cause,FALSE,,,,,,,,,,
survive,FALSE,,,,,,,,,,
swear,FALSE,,,,,,,,,,
swisher | hilfiger,FALSE,,,,,,,,,,
syphilis,FALSE,,,,,,,,,,
tag,FALSE,,,,,,,,,,
take my soul | soul taker | fighting off my demons,FALSE,,,,,,,,,,
take off | green light,FALSE,,,,,,,,,,
takeover | no breaks | breaks over,FALSE,,,,,,,,,,
tales of the toxic,FALSE,,,,,,,,,,
talking to voices,FALSE,,,,,,,,,,
taskforce,FALSE,,,,,,,,,,
tattoos and ink | long live the hustle | reminds me of your love,FALSE,,,,,,,,,,
telepathy | telepathy freestyle | freestyle | telepathy pt 2 | telepathy pt. 2,FALSE,,,,,,,,,,
tell me u luv me | tell me you lve me | demo,FALSE,,,,,,,,,,
tell your friends,FALSE,,,,,,,,,,
tempted | ten speed | 10 speed,FALSE,,,,,,,,,,
that sad shit,FALSE,,,,,,,,,,
thats a 50 | thats a fifty | v1 |v2,FALSE,,,,,,,,,,
the bees knees,FALSE,,,,,,,,,,
the light,FALSE,,,,,,,,,,
the old me,FALSE,,,,,,,,,,
the race,FALSE,,,,,,,,,,
they all talk | make the news | catch up,FALSE,,,,,,,,,,
this cant be happening | this cant be happening to me | this cant be happening to me <3 | this cant be happening to me... no way <3,FALSE,,,,,,,,,,
thoughts,FALSE,,,,,,,,,,
thrills,FALSE,,,,,,,,,,
through emotions | glowed up,FALSE,,,,,,,,,,
through my head,FALSE,,,,,,,,,,
tick tock,FALSE,,,,,,,,,,
tick tock | in the air,FALSE,,,,,,,,,,
time anymore | in zone,FALSE,,,,,,,,,,
time stops | cant die | i cant die | nipsey hustle tribute,FALSE,,,,,,,,,,
to the grave | feelings,FALSE,,,,,,,,,,
told her | cursed | cursed pt 2 | v2,FALSE,,,,,,,,,,
tonight,FALSE,,,,,,,,,,
too far,FALSE,,,,,,,,,,
too many | way too many,FALSE,,,,,,,,,,
too much cash | tmc,FALSE,,,,,,,,,,
too smooth,FALSE,,,,,,,,,,
toxic humans,FALSE,,,,,,,,,,
track race | scarface,FALSE,,,,,,,,,,
transformer,FALSE,,,,,,,,,,
trap phone | i know what you want,FALSE,,,,,,,,,,
trap phone bling | hotline bling | hot line bling remix | remix,FALSE,,,,,,,,,,
trees | love dont grow on trees,FALSE,,,,,,,,,,
tribe,FALSE,,,,,,,,,,
trick or treat | halloween,FALSE,,,,,,,,,,
trifling,FALSE,,,,,,,,,,
triple 9 | sipping 999 | 999,FALSE,,,,,,,,,,
troubled kids | pesos,FALSE,,,,,,,,,,
trust issues,FALSE,,,,,,,,,,
try me,FALSE,,,,,,,,,,
turkey burgers | turkey burger,FALSE,,,,,,,,,,
tweakin,FALSE,,,,,,,,,,
twins | luigi,FALSE,,,,,,,,,,
two cups (everythings going my way) | two cups | everythings going my way | two cups everythings going my way,FALSE,,,,,,,,,,
u cant tell me,FALSE,,,,,,,,,,
uh huh,FALSE,,,,,,,,,,
uncertain shadows | further,FALSE,,,,,,,,,,
under her skin,FALSE,,,,,,,,,,
underworld | underwrld,FALSE,,,,,,,,,,
unexplainable | look again | v2,FALSE,,,,,,,,,,
until i die | party in my mind,FALSE,,,,,,,,,,
until its over (closure) | until its over closer | until its over | closure,FALSE,,,,,,,,,,
until the plug comes back around | ration | plug | demo,FALSE,,,,,,,,,,
untitled,FALSE,,,,,,,,,,
untitled hook only | hook only,FALSE,,,,,,,,,,
up up and away | up and away | demo,FALSE,,,,,,,,,,
ups and downs,FALSE,,,,,,,,,,
used to,FALSE,,,,,,,,,,
victorious | up,FALSE,,,,,,,,,,
vlone thugs,FALSE,,,,,,,,,,
waiting for the drugs to hit me,FALSE,,,,,,,,,,
wandered to la | hotel | v1 | v2,FALSE,,,,,,,,,,
want to | ronald,FALSE,,,,,,,,,,
wasted | wasted remix | remix,FALSE,,,,,,,,,,
watch me,FALSE,,,,,,,,,,
watch your tone | bad to the bone,FALSE,,,,,,,,,,
water | i want it,FALSE,,,,,,,,,,
wavy,FALSE,,,,,,,,,,
we aint goin,FALSE,,,,,,,,,,
we dont get along,FALSE,,,,,,,,,,
wedding ring | i need everything,FALSE,,,,,,,,,,
what being rich feels like | wbrfl | v1 | v2,FALSE,,,,,,,,,,
what else,FALSE,https://cdn.discordapp.com/attachments/1016936737261490237/1017697150064394280/What_else_magical.mp3,,,,,,,,,
whatever i like | 4l,FALSE,,,,,,,,,,
whats brakkin | whats brakin | whats brakking,FALSE,,,,,,,,,,
where i stay | my side | my side remix,FALSE,,,,,,,,,,
whimpers in the dark,FALSE,,,,,,,,,,
whip | alaska,FALSE,,,,,,,,,,
whip | show n tell | show and tell,FALSE,,,,,,,,,,
whistles | woke up rich | whistles og | og,FALSE,,,,,,,,,,
who r u | who are you | who are u | who r you,FALSE,,,,,,,,,,
who shot cupid? | who shot cupid,FALSE,,,,,,,,,,
willing to die | dismissed,FALSE,,,,,,,,,,
withdrawals | high again | pyschedelics og | pychedelics | drought,FALSE,,,,,,,,,,
without me | v1 | v2,FALSE,,,,,,,,,,
woah,FALSE,,,,,,,,,,
wont let go,FALSE,,,,,,,,,,
work,FALSE,,,,,,,,,,
work out | come to me,FALSE,,,,,,,,,,
worth it | common sense,FALSE,,,,,,,,,,
wrld on drugs | demo,FALSE,,,,,,,,,,
wrong time | surf,FALSE,,,,,,,,,,
xmas list | x-mas list | christmas list,FALSE,,,,,,,,,,
yacht club,FALSE,,,,,,,,,,
yeah yeah yeahh,FALSE,,,,,,,,,,
you,FALSE,,,,,,,,,,
you aint safe,FALSE,,,,,,,,,,
you and i | you & i,FALSE,,,,,,,,,,
you dont know me | codependent v2,FALSE,,,,,,,,,,
you freestyle | best i ever had remix | best i ever had | freestyle | remix,FALSE,,,,,,,,,,
you wouldnt understand | outrage | demo,FALSE,,,,,,,,,,
youdontloveme | too drunk | you dont love me,FALSE,,,,,,,,,,
your man | france | shopping in france,FALSE,,,,,,,,,,
youre my everything | left,FALSE,,,,,,,,,,
z nation,FALSE,,,,,,,,,,
zero toleration | flossing | flossin,FALSE,,,,,,,,,,
zoom,FALSE,,,,,,,,,,
scars,FALSE,https://cdn.discordapp.com/attachments/862177256902623262/1018055537583194142/Scars_Magical.mp3,,,,,,,,,
,FALSE,,,,,,,,,,
,FALSE,,,,,,,,,,
,FALSE,,,,,,,,,,
,FALSE,,,,,,,,,,
,FALSE,,,,,,,,,,
,FALSE,,,,,,,,,,
,FALSE,,,,,,,,,,
,FALSE,,,,,,,,,,
,FALSE,,,,,,,,,,
,FALSE,,,,,,,,,,
,FALSE,,,,,,,,,,
,FALSE,,,,,,,,,,
,FALSE,,,,,,,,,,
,FALSE,,,,,,,,,,
,FALSE,,,,,,,,,,
,FALSE,,,,,,,,,,
,FALSE,,,,,,,,,,
,FALSE,,,,,,,,,,
,FALSE,,,,,,,,,,
,FALSE,,,,,,,,,,
,FALSE,,,,,,,,,,
,FALSE,,,,,,,,,,
,FALSE,,,,,,,,,,
,FALSE,,,,,,,,,,
,FALSE,,,,,,,,,,
,FALSE,,,,,,,,,,
,FALSE,,,,,,,,,,
,FALSE,,,,,,,,,,
,FALSE,,,,,,,,,,
,FALSE,,,,,,,,,,
,FALSE,,,,,,,,,,
,FALSE,,,,,,,,,,
,FALSE,,,,,,,,,,
,FALSE,,,,,,,,,,
,FALSE,,,,,,,,,,
,FALSE,,,,,,,,,,
,FALSE,,,,,,,,,,
,FALSE,,,,,,,,,,
,FALSE,,,,,,,,,,
,FALSE,,,,,,,,,,
,FALSE,,,,,,,,,,
,FALSE,,,,,,,,,,
,FALSE,,,,,,,,,,
,FALSE,,,,,,,,,,
,FALSE,,,,,,,,,,
,FALSE,,,,,,,,,,
,FALSE,,,,,,,,,,
,FALSE,,,,,,,,,,
,FALSE,,,,,,,,,,
,FALSE,,,,,,,,,,
,FALSE,,,,,,,,,,
,FALSE,,,,,,,,,,
,FALSE,,,,,,,,,,
,FALSE,,,,,,,,,,
,FALSE,,,,,,,,,,
,FALSE,,,,,,,,,,
,FALSE,,,,,,,,,,
,FALSE,,,,,,,,,,
,FALSE,,,,,,,,,,
,FALSE,,,,,,,,,,
,FALSE,,,,,,,,,,
,FALSE,,,,,,,,,,
,FALSE,,,,,,,,,,
,FALSE,,,,,,,,,,
,FALSE,,,,,,,,,,
,FALSE,,,,,,,,,,
,FALSE,,,,,,,,,,
,FALSE,,,,,,,,,,
,FALSE,,,,,,,,,,
,FALSE,,,,,,,,,,
,FALSE,,,,,,,,,,
,FALSE,,,,,,,,,,
,FALSE,,,,,,,,,,
,FALSE,,,,,,,,,,
,FALSE,,,,,,,,,,
,FALSE,,,,,,,,,,
,FALSE,,,,,,,,,,
,FALSE,,,,,,,,,,
,FALSE,,,,,,,,,,
,FALSE,,,,,,,,,,
,FALSE,,,,,,,,,,
,FALSE,,,,,,,,,,
,FALSE,,,,,,,,,,
,FALSE,,,,,,,,,,
,FALSE,,,,,,,,,,
,FALSE,,,,,,,,,,
,FALSE,,,,,,,,,,
,FALSE,,,,,,,,,,
,FALSE,,,,,,,,,,
,FALSE,,,,,,,,,,
,FALSE,,,,,,,,,,
,FALSE,,,,,,,,,,
,FALSE,,,,,,,,,,
,FALSE,,,,,,,,,,
,FALSE,,,,,,,,,,
,FALSE,,,,,,,,,,
,FALSE,,,,,,,,,,
,FALSE,,,,,,,,,,
,FALSE,,,,,,,,,,
,FALSE,,,,,,,,,,
,FALSE,,,,,,,,,,
,FALSE,,,,,,,,,,
,FALSE,,,,,,,,,,
,FALSE,,,,,,,,,,
,FALSE,,,,,,,,,,
,FALSE,,,,,,,,,,
,FALSE,,,,,,,,,,
,FALSE,,,,,,,,,,
,FALSE,,,,,,,,,,
,FALSE,,,,,,,,,,
,FALSE,,,,,,,,,,
,FALSE,,,,,,,,,,
,FALSE,,,,,,,,,,
,FALSE,,,,,,,,,,
,FALSE,,,,,,,,,,
,FALSE,,,,,,,,,,
,FALSE,,,,,,,,,,
,FALSE,,,,,,,,,,
,FALSE,,,,,,,,,,
,FALSE,,,,,,,,,,
,FALSE,,,,,,,,,,
,FALSE,,,,,,,,,,
,FALSE,,,,,,,,,,
,FALSE,,,,,,,,,,
,FALSE,,,,,,,,,,
,FALSE,,,,,,,,,,
,FALSE,,,,,,,,,,
,FALSE,,,,,,,,,,
,FALSE,,,,,,,,,,
,FALSE,,,,,,,,,,
,FALSE,,,,,,,,,,
,FALSE,,,,,,,,,,
,FALSE,,,,,,,,,,
,FALSE,,,,,,,,,,
,FALSE,,,,,,,,,,
,FALSE,,,,,,,,,,
,FALSE,,,,,,,,,,
,FALSE,,,,,,,,,,
,FALSE,,,,,,,,,,
,FALSE,,,,,,,,,,
,FALSE,,,,,,,,,,
,FALSE,,,,,,,,,,
,FALSE,,,,,,,,,,
,FALSE,,,,,,,,,,
,FALSE,,,,,,,,,,
,FALSE,,,,,,,,,,
,FALSE,,,,,,,,,,
,FALSE,,,,,,,,,,
,FALSE,,,,,,,,,,
,FALSE,,,,,,,,,,
,FALSE,,,,,,,,,,
,FALSE,,,,,,,,,,
,FALSE,,,,,,,,,,
,FALSE,,,,,,,,,,
,FALSE,,,,,,,,,,
,FALSE,,,,,,,,,,
,FALSE,,,,,,,,,,
,FALSE,,,,,,,,,,
,FALSE,,,,,,,,,,
,FALSE,,,,,,,,,,
,FALSE,,,,,,,,,,
,FALSE,,,,,,,,,,
,FALSE,,,,,,,,,,
,FALSE,,,,,,,,,,
,FALSE,,,,,,,,,,
,FALSE,,,,,,,,,,
,FALSE,,,,,,,,,,
,FALSE,,,,,,,,,,
,FALSE,,,,,,,,,,
,FALSE,,,,,,,,,,
,FALSE,,,,,,,,,,
,FALSE,,,,,,,,,,
,FALSE,,,,,,,,,,
,FALSE,,,,,,,,,,
,FALSE,,,,,,,,,,
,FALSE,,,,,,,,,,
,FALSE,,,,,,,,,,
,FALSE,,,,,,,,,,
,FALSE,,,,,,,,,,
,FALSE,,,,,,,,,,
,FALSE,,,,,,,,,,
,FALSE,,,,,,,,,,
,FALSE,,,,,,,,,,
,FALSE,,,,,,,,,,
,FALSE,,,,,,,,,,
,FALSE,,,,,,,,,,
,FALSE,,,,,,,,,,
,FALSE,,,,,,,,,,
,FALSE,,,,,,,,,,
,FALSE,,,,,,,,,,
,FALSE,,,,,,,,,,
,FALSE,,,,,,,,,,
,FALSE,,,,,,,,,,
,FALSE,,,,,,,,,,
,FALSE,,,,,,,,,,
,FALSE,,,,,,,,,,
,FALSE,,,,,,,,,,
,FALSE,,,,,,,,,,
,FALSE,,,,,,,,,,
,FALSE,,,,,,,,,,
,FALSE,,,,,,,,,,
,FALSE,,,,,,,,,,
,FALSE,,,,,,,,,,
,FALSE,,,,,,,,,,
,FALSE,,,,,,,,,,
,FALSE,,,,,,,,,,
,FALSE,,,,,,,,,,
,FALSE,,,,,,,,,,
,FALSE,,,,,,,,,,
,FALSE,,,,,,,,,,
,FALSE,,,,,,,,,,
,FALSE,,,,,,,,,,
,FALSE,,,,,,,,,,
,FALSE,,,,,,,,,,
,FALSE,,,,,,,,,,
,FALSE,,,,,,,,,,
,FALSE,,,,,,,,,,
,FALSE,,,,,,,,,,
,FALSE,,,,,,,,,,
,FALSE,,,,,,,,,,
,FALSE,,,,,,,,,,
,FALSE,,,,,,,,,,
,FALSE,,,,,,,,,,
,FALSE,,,,,,,,,,
,FALSE,,,,,,,,,,
,FALSE,,,,,,,,,,
,FALSE,,,,,,,,,,
,FALSE,,,,,,,,,,
,FALSE,,,,,,,,,,
,FALSE,,,,,,,,,,
,FALSE,,,,,,,,,,
,FALSE,,,,,,,,,,
,FALSE,,,,,,,,,,
,FALSE,,,,,,,,,,
,FALSE,,,,,,,,,,
,FALSE,,,,,,,,,,
,FALSE,,,,,,,,,,
,FALSE,,,,,,,,,,
,FALSE,,,,,,,,,,
,FALSE,,,,,,,,,,
,FALSE,,,,,,,,,,
,FALSE,,,,,,,,,,
,FALSE,,,,,,,,,,
,FALSE,,,,,,,,,,
,FALSE,,,,,,,,,,
,FALSE,,,,,,,,,,
,FALSE,,,,,,,,,,
,FALSE,,,,,,,,,,
,FALSE,,,,,,,,,,
,FALSE,,,,,,,,,,
,FALSE,,,,,,,,,,
,FALSE,,,,,,,,,,
,FALSE,,,,,,,,,,
,FALSE,,,,,,,,,,
,FALSE,,,,,,,,,,
,FALSE,,,,,,,,,,
,FALSE,,,,,,,,,,
,FALSE,,,,,,,,,,
,FALSE,,,,,,,,,,
,FALSE,,,,,,,,,,
,FALSE,,,,,,,,,,
,FALSE,,,,,,,,,,
,FALSE,,,,,,,,,,
,FALSE,,,,,,,,,,
,FALSE,,,,,,,,,,
,FALSE,,,,,,,,,,
,FALSE,,,,,,,,,,
,FALSE,,,,,,,,,,
,FALSE,,,,,,,,,,
,FALSE,,,,,,,,,,
,FALSE,,,,,,,,,,
,FALSE,,,,,,,,,,
,FALSE,,,,,,,,,,
,FALSE,,,,,,,,,,
,FALSE,,,,,,,,,,
,FALSE,,,,,,,,,,
,FALSE,,,,,,,,,,
,FALSE,,,,,,,,,,
,FALSE,,,,,,,,,,
,FALSE,,,,,,,,,,
,FALSE,,,,,,,,,,
,FALSE,,,,,,,,,,
,FALSE,,,,,,,,,,
,FALSE,,,,,,,,,,
,FALSE,,,,,,,,,,
,FALSE,,,,,,,,,,
,FALSE,,,,,,,,,,
,FALSE,,,,,,,,,,
,FALSE,,,,,,,,,,
,FALSE,,,,,,,,,,
,FALSE,,,,,,,,,,
,FALSE,,,,,,,,,,
,FALSE,,,,,,,,,,
,FALSE,,,,,,,,,,
,FALSE,,,,,,,,,,
,FALSE,,,,,,,,,,
,FALSE,,,,,,,,,,
,FALSE,,,,,,,,,,
,FALSE,,,,,,,,,,
,FALSE,,,,,,,,,,
,FALSE,,,,,,,,,,
,FALSE,,,,,,,,,,
,FALSE,,,,,,,,,,
,FALSE,,,,,,,,,,
,FALSE,,,,,,,,,,
,FALSE,,,,,,,,,,
,FALSE,,,,,,,,,,
,FALSE,,,,,,,,,,
,FALSE,,,,,,,,,,
,FALSE,,,,,,,,,,
,FALSE,,,,,,,,,,
,FALSE,,,,,,,,,,
,FALSE,,,,,,,,,,
,FALSE,,,,,,,,,,
,FALSE,,,,,,,,,,
,FALSE,,,,,,,,,,
,FALSE,,,,,,,,,,
,FALSE,,,,,,,,,,
,FALSE,,,,,,,,,,
,FALSE,,,,,,,,,,
,FALSE,,,,,,,,,,
,FALSE,,,,,,,,,,
,FALSE,,,,,,,,,,
,FALSE,,,,,,,,,,
,FALSE,,,,,,,,,,
,FALSE,,,,,,,,,,
,FALSE,,,,,,,,,,
,FALSE,,,,,,,,,,
,FALSE,,,,,,,,,,
,FALSE,,,,,,,,,,
,FALSE,,,,,,,,,,
,FALSE,,,,,,,,,,
,FALSE,,,,,,,,,,
,FALSE,,,,,,,,,,
,FALSE,,,,,,,,,,
,FALSE,,,,,,,,,,
,FALSE,,,,,,,,,,
,FALSE,,,,,,,,,,
,FALSE,,,,,,,,,,
,FALSE,,,,,,,,,,
,FALSE,,,,,,,,,,
,FALSE,,,,,,,,,,
,FALSE,,,,,,,,,,
,FALSE,,,,,,,,,,
,FALSE,,,,,,,,,,
,FALSE,,,,,,,,,,
,FALSE,,,,,,,,,,
,FALSE,,,,,,,,,,
,FALSE,,,,,,,,,,
,FALSE,,,,,,,,,,
,FALSE,,,,,,,,,,
,FALSE,,,,,,,,,,
,FALSE,,,,,,,,,,
,FALSE,,,,,,,,,,
,FALSE,,,,,,,,,,
,FALSE,,,,,,,,,,
,FALSE,,,,,,,,,,
,FALSE,,,,,,,,,,
,FALSE,,,,,,,,,,
,FALSE,,,,,,,,,,
,FALSE,,,,,,,,,,
,FALSE,,,,,,,,,,
,FALSE,,,,,,,,,,
,FALSE,,,,,,,,,,
,FALSE,,,,,,,,,,
,FALSE,,,,,,,,,,
,FALSE,,,,,,,,,,
,FALSE,,,,,,,,,,
,FALSE,,,,,,,,,,
,FALSE,,,,,,,,,,
,FALSE,,,,,,,,,,
,FALSE,,,,,,,,,,
,FALSE,,,,,,,,,,
,FALSE,,,,,,,,,,
,FALSE,,,,,,,,,,
,FALSE,,,,,,,,,,
,FALSE,,,,,,,,,,
,FALSE,,,,,,,,,,
,FALSE,,,,,,,,,,
,FALSE,,,,,,,,,,
,FALSE,,,,,,,,,,
,FALSE,,,,,,,,,,
,FALSE,,,,,,,,,,
,FALSE,,,,,,,,,,
,FALSE,,,,,,,,,,
,FALSE,,,,,,,,,,
,FALSE,,,,,,,,,,
,FALSE,,,,,,,,,,
,FALSE,,,,,,,,,,
,FALSE,,,,,,,,,,
,FALSE,,,,,,,,,,
,FALSE,,,,,,,,,,
,FALSE,,,,,,,,,,
,FALSE,,,,,,,,,,
,FALSE,,,,,,,,,,
,FALSE,,,,,,,,,,
,FALSE,,,,,,,,,,
,FALSE,,,,,,,,,,
,FALSE,,,,,,,,,,
,FALSE,,,,,,,,,,
,FALSE,,,,,,,,,,
,FALSE,,,,,,,,,,
,FALSE,,,,,,,,,,
,FALSE,,,,,,,,,,
,FALSE,,,,,,,,,,
,FALSE,,,,,,,,,,
,FALSE,,,,,,,,,,
,FALSE,,,,,,,,,,
,FALSE,,,,,,,,,,
,FALSE,,,,,,,,,,
,FALSE,,,,,,,,,,
,FALSE,,,,,,,,,,
,FALSE,,,,,,,,,,
,FALSE,,,,,,,,,,
,FALSE,,,,,,,,,,
,FALSE,,,,,,,,,,
,FALSE,,,,,,,,,,
,FALSE,,,,,,,,,,
,FALSE,,,,,,,,,,
,FALSE,,,,,,,,,,
,FALSE,,,,,,,,,,
,FALSE,,,,,,,,,,
,FALSE,,,,,,,,,,
,FALSE,,,,,,,,,,
,FALSE,,,,,,,,,,
,FALSE,,,,,,,,,,
,FALSE,,,,,,,,,,
,FALSE,,,,,,,,,,
,FALSE,,,,,,,,,,
,FALSE,,,,,,,,,,
,FALSE,,,,,,,,,,
,FALSE,,,,,,,,,,
,FALSE,,,,,,,,,,
,FALSE,,,,,,,,,,
,FALSE,,,,,,,,,,
,FALSE,,,,,,,,,,
,FALSE,,,,,,,,,,
,FALSE,,,,,,,,,,
,FALSE,,,,,,,,,,
,FALSE,,,,,,,,,,
,FALSE,,,,,,,,,,
,FALSE,,,,,,,,,,
,FALSE,,,,,,,,,,
,FALSE,,,,,,,,,,
,FALSE,,,,,,,,,,
,FALSE,,,,,,,,,,
,FALSE,,,,,,,,,,
,FALSE,,,,,,,,,,
,FALSE,,,,,,,,,,
,FALSE,,,,,,,,,,
,FALSE,,,,,,,,,,
,FALSE,,,,,,,,,,
,FALSE,,,,,,,,,,
,FALSE,,,,,,,,,,
,FALSE,,,,,,,,,,
,FALSE,,,,,,,,,,
,FALSE,,,,,,,,,,
,FALSE,,,,,,,,,,
,FALSE,,,,,,,,,,
,FALSE,,,,,,,,,,
,FALSE,,,,,,,,,,
,FALSE,,,,,,,,,,
,FALSE,,,,,,,,,,
,FALSE,,,,,,,,,,
,FALSE,,,,,,,,,,
,FALSE,,,,,,,,,,
,FALSE,,,,,,,,,,
,FALSE,,,,,,,,,,
,FALSE,,,,,,,,,,
,FALSE,,,,,,,,,,
,FALSE,,,,,,,,,,
,FALSE,,,,,,,,,,
,FALSE,,,,,,,,,,
,FALSE,,,,,,,,,,
,FALSE,,,,,,,,,,
,FALSE,,,,,,,,,,
,FALSE,,,,,,,,,,
,FALSE,,,,,,,,,,
,FALSE,,,,,,,,,,
,FALSE,,,,,,,,,,
,FALSE,,,,,,,,,,
,FALSE,,,,,,,,,,
,FALSE,,,,,,,,,,
,FALSE,,,,,,,,,,
,FALSE,,,,,,,,,,
,FALSE,,,,,,,,,,
,FALSE,,,,,,,,,,
,FALSE,,,,,,,,,,
,FALSE,,,,,,,,,,
,FALSE,,,,,,,,,,
,FALSE,,,,,,,,,,
,FALSE,,,,,,,,,,
,FALSE,,,,,,,,,,
,FALSE,,,,,,,,,,
,FALSE,,,,,,,,,,
,FALSE,,,,,,,,,,
,FALSE,,,,,,,,,,
,FALSE,,,,,,,,,,
,FALSE,,,,,,,,,,
,FALSE,,,,,,,,,,
,FALSE,,,,,,,,,,
,FALSE,,,,,,,,,,
,FALSE,,,,,,,,,,
,FALSE,,,,,,,,,,
,FALSE,,,,,,,,,,
,FALSE,,,,,,,,,,
,FALSE,,,,,,,,,,
,FALSE,,,,,,,,,,
,FALSE,,,,,,,,,,
,FALSE,,,,,,,,,,
,FALSE,,,,,,,,,,
,FALSE,,,,,,,,,,
,FALSE,,,,,,,,,,
,FALSE,,,,,,,,,,
,FALSE,,,,,,,,,,
,FALSE,,,,,,,,,,
,FALSE,,,,,,,,,,
,FALSE,,,,,,,,,,
,FALSE,,,,,,,,,,
,FALSE,,,,,,,,,,
,FALSE,,,,,,,,,,
,FALSE,,,,,,,,,,
,FALSE,,,,,,,,,,
,FALSE,,,,,,,,,,
,FALSE,,,,,,,,,,
,FALSE,,,,,,,,,,
,FALSE,,,,,,,,,,
,FALSE,,,,,,,,,,
,FALSE,,,,,,,,,,
,FALSE,,,,,,,,,,
,FALSE,,,,,,,,,,
,FALSE,,,,,,,,,,
,FALSE,,,,,,,,,,
,FALSE,,,,,,,,,,
,FALSE,,,,,,,,,,
,FALSE,,,,,,,,,,
,FALSE,,,,,,,,,,
,FALSE,,,,,,,,,,
,FALSE,,,,,,,,,,
,FALSE,,,,,,,,,,
,FALSE,,,,,,,,,,
,FALSE,,,,,,,,,,
,FALSE,,,,,,,,,,
,FALSE,,,,,,,,,,
,FALSE,,,,,,,,,,
,FALSE,,,,,,,,,,
,FALSE,,,,,,,,,,
,FALSE,,,,,,,,,,
,FALSE,,,,,,,,,,
,FALSE,,,,,,,,,,
,FALSE,,,,,,,,,,
,FALSE,,,,,,,,,,
,FALSE,,,,,,,,,,
,FALSE,,,,,,,,,,
,FALSE,,,,,,,,,,
,FALSE,,,,,,,,,,
,FALSE,,,,,,,,,,
,FALSE,,,,,,,,,,
,FALSE,,,,,,,,,,
,FALSE,,,,,,,,,,
,FALSE,,,,,,,,,,
,FALSE,,,,,,,,,,
,FALSE,,,,,,,,,,
,FALSE,,,,,,,,,,
,FALSE,,,,,,,,,,
,FALSE,,,,,,,,,,
,FALSE,,,,,,,,,,
,FALSE,,,,,,,,,,
,FALSE,,,,,,,,,,
,FALSE,,,,,,,,,,
,FALSE,,,,,,,,,,
,FALSE,,,,,,,,,,
,FALSE,,,,,,,,,,
,FALSE,,,,,,,,,,
,FALSE,,,,,,,,,,
,FALSE,,,,,,,,,,
,FALSE,,,,,,,,,,
,FALSE,,,,,,,,,,
,FALSE,,,,,,,,,,
,FALSE,,,,,,,,,,
,FALSE,,,,,,,,,,
,FALSE,,,,,,,,,,
,FALSE,,,,,,,,,,
,FALSE,,,,,,,,,,
,FALSE,,,,,,,,,,
,FALSE,,,,,,,,,,
,FALSE,,,,,,,,,,
,FALSE,,,,,,,,,,
,FALSE,,,,,,,,,,
,FALSE,,,,,,,,,,
,FALSE,,,,,,,,,,
,FALSE,,,,,,,,,,
,FALSE,,,,,,,,,,
,FALSE,,,,,,,,,,
,FALSE,,,,,,,,,,
,FALSE,,,,,,,,,,
,FALSE,,,,,,,,,,
,FALSE,,,,,,,,,,
,FALSE,,,,,,,,,,
,FALSE,,,,,,,,,,
,FALSE,,,,,,,,,,
,FALSE,,,,,,,,,,
,FALSE,,,,,,,,,,
,FALSE,,,,,,,,,,
,FALSE,,,,,,,,,,
,FALSE,,,,,,,,,,
,FALSE,,,,,,,,,,
,FALSE,,,,,,,,,,
,FALSE,,,,,,,,,,
,FALSE,,,,,,,,,,
,FALSE,,,,,,,,,,
,FALSE,,,,,,,,,,
,FALSE,,,,,,,,,,
,FALSE,,,,,,,,,,
,FALSE,,,,,,,,,,
,FALSE,,,,,,,,,,
,FALSE,,,,,,,,,,
,FALSE,,,,,,,,,,
,FALSE,,,,,,,,,,
,FALSE,,,,,,,,,,
,FALSE,,,,,,,,,,
,FALSE,,,,,,,,,,
,FALSE,,,,,,,,,,
,FALSE,,,,,,,,,,
,FALSE,,,,,,,,,,
,FALSE,,,,,,,,,,
,FALSE,,,,,,,,,,
,FALSE,,,,,,,,,,
,FALSE,,,,,,,,,,
,FALSE,,,,,,,,,,
,FALSE,,,,,,,,,,
,FALSE,,,,,,,,,,
,FALSE,,,,,,,,,,
,FALSE,,,,,,,,,,
,FALSE,,,,,,,,,,
,FALSE,,,,,,,,,,
,FALSE,,,,,,,,,,
,FALSE,,,,,,,,,,
,FALSE,,,,,,,,,,
,FALSE,,,,,,,,,,
,FALSE,,,,,,,,,,
,FALSE,,,,,,,,,,
,FALSE,,,,,,,,,,
,FALSE,,,,,,,,,,
,FALSE,,,,,,,,,,
,FALSE,,,,,,,,,,
,FALSE,,,,,,,,,,
,FALSE,,,,,,,,,,
,FALSE,,,,,,,,,,
,FALSE,,,,,,,,,,
,FALSE,,,,,,,,,,
,FALSE,,,,,,,,,,
,FALSE,,,,,,,,,,
,FALSE,,,,,,,,,,
,FALSE,,,,,,,,,,
,FALSE,,,,,,,,,,
,FALSE,,,,,,,,,,
,FALSE,,,,,,,,,,
,FALSE,,,,,,,,,,
,FALSE,,,,,,,,,,
,FALSE,,,,,,,,,,
,FALSE,,,,,,,,,,
,FALSE,,,,,,,,,,
,FALSE,,,,,,,,,,
,FALSE,,,,,,,,,,
,FALSE,,,,,,,,,,
,FALSE,,,,,,,,,,
,FALSE,,,,,,,,,,
,FALSE,,,,,,,,,,
,FALSE,,,,,,,,,,
,FALSE,,,,,,,,,,
,FALSE,,,,,,,,,,
,FALSE,,,,,,,,,,
,FALSE,,,,,,,,,,
,FALSE,,,,,,,,,,
,FALSE,,,,,,,,,,
,FALSE,,,,,,,,,,
,FALSE,,,,,,,,,,
,FALSE,,,,,,,,,,
,FALSE,,,,,,,,,,
,FALSE,,,,,,,,,,
,FALSE,,,,,,,,,,
,FALSE,,,,,,,,,,
,FALSE,,,,,,,,,,
,FALSE,,,,,,,,,,
,FALSE,,,,,,,,,,
,FALSE,,,,,,,,,,
,FALSE,,,,,,,,,,
,FALSE,,,,,,,,,,
,FALSE,,,,,,,,,,
,FALSE,,,,,,,,,,
,FALSE,,,,,,,,,,
,FALSE,,,,,,,,,,
,FALSE,,,,,,,,,,
,FALSE,,,,,,,,,,
,FALSE,,,,,,,,,,
,FALSE,,,,,,,,,,
,FALSE,,,,,,,,,,
,FALSE,,,,,,,,,,
,FALSE,,,,,,,,,,
,FALSE,,,,,,,,,,
,FALSE,,,,,,,,,,
,FALSE,,,,,,,,,,
,FALSE,,,,,,,,,,
,FALSE,,,,,,,,,,
,FALSE,,,,,,,,,,
,FALSE,,,,,,,,,,
,FALSE,,,,,,,,,,
,FALSE,,,,,,,,,,
,FALSE,,,,,,,,,,
,FALSE,,,,,,,,,,
,FALSE,,,,,,,,,,
,FALSE,,,,,,,,,,
,FALSE,,,,,,,,,,
,FALSE,,,,,,,,,,
,FALSE,,,,,,,,,,
,FALSE,,,,,,,,,,
,FALSE,,,,,,,,,,
,FALSE,,,,,,,,,,
,FALSE,,,,,,,,,,
,FALSE,,,,,,,,,,
,FALSE,,,,,,,,,,
,FALSE,,,,,,,,,,
,FALSE,,,,,,,,,,
,FALSE,,,,,,,,,,
,FALSE,,,,,,,,,,
,FALSE,,,,,,,,,,
,FALSE,,,,,,,,,,
,FALSE,,,,,,,,,,
,FALSE,,,,,,,,,,
,FALSE,,,,,,,,,,
,FALSE,,,,,,,,,,
,FALSE,,,,,,,,,,
,FALSE,,,,,,,,,,
,FALSE,,,,,,,,,,
,FALSE,,,,,,,,,,
,FALSE,,,,,,,,,,
,FALSE,,,,,,,,,,
,FALSE,,,,,,,,,,
,FALSE,,,,,,,,,,
,FALSE,,,,,,,,,,
,FALSE,,,,,,,,,,
,FALSE,,,,,,,,,,
,FALSE,,,,,,,,,,
,FALSE,,,,,,,,,,
,FALSE,,,,,,,,,,
,FALSE,,,,,,,,,,
,FALSE,,,,,,,,,,
,FALSE,,,,,,,,,,
,FALSE,,,,,,,,,,
,FALSE,,,,,,,,,,
,FALSE,,,,,,,,,,
,FALSE,,,,,,,,,,
,FALSE,,,,,,,,,,
,FALSE,,,,,,,,,,
,FALSE,,,,,,,,,,
,FALSE,,,,,,,,,,
,FALSE,,,,,,,,,,
,FALSE,,,,,,,,,,
,FALSE,,,,,,,,,,
,FALSE,,,,,,,,,,
,FALSE,,,,,,,,,,
,FALSE,,,,,,,,,,
,FALSE,,,,,,,,,,
,FALSE,,,,,,,,,,
,FALSE,,,,,,,,,,
,FALSE,,,,,,,,,,
,FALSE,,,,,,,,,,
,FALSE,,,,,,,,,,
,FALSE,,,,,,,,,,
,FALSE,,,,,,,,,,
,FALSE,,,,,,,,,,
,FALSE,,,,,,,,,,
,FALSE,,,,,,,,,,
,FALSE,,,,,,,,,,
,FALSE,,,,,,,,,,
,FALSE,,,,,,,,,,
,FALSE,,,,,,,,,,
,FALSE,,,,,,,,,,
,FALSE,,,,,,,,,,
,FALSE,,,,,,,,,,
,FALSE,,,,,,,,,,
,FALSE,,,,,,,,,,
,FALSE,,,,,,,,,,
,FALSE,,,,,,,,,,
,FALSE,,,,,,,,,,
,FALSE,,,,,,,,,,
,FALSE,,,,,,,,,,
,FALSE,,,,,,,,,,
,FALSE,,,,,,,,,,
,FALSE,,,,,,,,,,
,FALSE,,,,,,,,,,
,FALSE,,,,,,,,,,
,FALSE,,,,,,,,,,
,FALSE,,,,,,,,,,
,FALSE,,,,,,,,,,
,FALSE,,,,,,,,,,
,FALSE,,,,,,,,,,
,FALSE,,,,,,,,,,
,FALSE,,,,,,,,,,
,FALSE,,,,,,,,,,
,FALSE,,,,,,,,,,
,FALSE,,,,,,,,,,
,FALSE,,,,,,,,,,
,FALSE,,,,,,,,,,
,FALSE,,,,,,,,,,
,FALSE,,,,,,,,,,
,FALSE,,,,,,,,,,
,FALSE,,,,,,,,,,
,FALSE,,,,,,,,,,
,FALSE,,,,,,,,,,
,FALSE,,,,,,,,,,
,FALSE,,,,,,,,,,
,FALSE,,,,,,,,,,
,FALSE,,,,,,,,,,
,FALSE,,,,,,,,,,
,FALSE,,,,,,,,,,
,FALSE,,,,,,,,,,
,FALSE,,,,,,,,,,
,FALSE,,,,,,,,,,
,FALSE,,,,,,,,,,
,FALSE,,,,,,,,,,
,FALSE,,,,,,,,,,
,FALSE,,,,,,,,,,
,FALSE,,,,,,,,,,
,FALSE,,,,,,,,,,
,FALSE,,,,,,,,,,
,FALSE,,,,,,,,,,
,FALSE,,,,,,,,,,
,FALSE,,,,,,,,,,
,FALSE,,,,,,,,,,
,FALSE,,,,,,,,,,
,FALSE,,,,,,,,,,
,FALSE,,,,,,,,,,
,FALSE,,,,,,,,,,
,FALSE,,,,,,,,,,
,FALSE,,,,,,,,,,
,FALSE,,,,,,,,,,
,FALSE,,,,,,,,,,
,FALSE,,,,,,,,,,
,FALSE,,,,,,,,,,
,FALSE,,,,,,,,,,
,FALSE,,,,,,,,,,
,FALSE,,,,,,,,,,
,FALSE,,,,,,,,,,
,FALSE,,,,,,,,,,
,FALSE,,,,,,,,,,
,FALSE,,,,,,,,,,
,FALSE,,,,,,,,,,
,FALSE,,,,,,,,,,
,FALSE,,,,,,,,,,
,FALSE,,,,,,,,,,
,FALSE,,,,,,,,,,
,FALSE,,,,,,,,,,
,FALSE,,,,,,,,,,
,FALSE,,,,,,,,,,
,FALSE,,,,,,,,,,
,FALSE,,,,,,,,,,
,FALSE,,,,,,,,,,
,FALSE,,,,,,,,,,
,FALSE,,,,,,,,,,
,FALSE,,,,,,,,,,
,FALSE,,,,,,,,,,
,FALSE,,,,,,,,,,
,FALSE,,,,,,,,,,
,FALSE,,,,,,,,,,
,FALSE,,,,,,,,,,
,FALSE,,,,,,,,,,
,FALSE,,,,,,,,,,
,FALSE,,,,,,,,,,
,FALSE,,,,,,,,,,
,FALSE,,,,,,,,,,
,FALSE,,,,,,,,,,
,FALSE,,,,,,,,,,
,FALSE,,,,,,,,,,
,FALSE,,,,,,,,,,
,FALSE,,,,,,,,,,
,FALSE,,,,,,,,,,
,FALSE,,,,,,,,,,
,FALSE,,,,,,,,,,
,FALSE,,,,,,,,,,
,FALSE,,,,,,,,,,
,FALSE,,,,,,,,,,
,FALSE,,,,,,,,,,
,FALSE,,,,,,,,,,
,FALSE,,,,,,,,,,
,FALSE,,,,,,,,,,
,FALSE,,,,,,,,,,
,FALSE,,,,,,,,,,
,FALSE,,,,,,,,,,
,FALSE,,,,,,,,,,
,FALSE,,,,,,,,,,
,FALSE,,,,,,,,,,
,FALSE,,,,,,,,,,
,FALSE,,,,,,,,,,
,FALSE,,,,,,,,,,
,FALSE,,,,,,,,,,
,FALSE,,,,,,,,,,
,FALSE,,,,,,,,,,
,FALSE,,,,,,,,,,
,FALSE,,,,,,,,,,
,FALSE,,,,,,,,,,
,FALSE,,,,,,,,,,
,FALSE,,,,,,,,,,
,FALSE,,,,,,,,,,
,FALSE,,,,,,,,,,
,FALSE,,,,,,,,,,
,FALSE,,,,,,,,,,
,FALSE,,,,,,,,,,
,FALSE,,,,,,,,,,
,FALSE,,,,,,,,,,
,FALSE,,,,,,,,,,
,FALSE,,,,,,,,,,
,FALSE,,,,,,,,,,
,FALSE,,,,,,,,,,
,FALSE,,,,,,,,,,
,FALSE,,,,,,,,,,
,FALSE,,,,,,,,,,
,FALSE,,,,,,,,,,
,FALSE,,,,,,,,,,
,FALSE,,,,,,,,,,
,FALSE,,,,,,,,,,
,FALSE,,,,,,,,,,
,FALSE,,,,,,,,,,
,FALSE,,,,,,,,,,
,FALSE,,,,,,,,,,
,FALSE,,,,,,,,,,
,FALSE,,,,,,,,,,
,FALSE,,,,,,,,,,
,FALSE,,,,,,,,,,
,FALSE,,,,,,,,,,
,FALSE,,,,,,,,,,
,FALSE,,,,,,,,,,
,FALSE,,,,,,,,,,
,FALSE,,,,,,,,,,
,FALSE,,,,,,,,,,
,FALSE,,,,,,,,,,
,FALSE,,,,,,,,,,
,FALSE,,,,,,,,,,
,FALSE,,,,,,,,,,
,FALSE,,,,,,,,,,
,FALSE,,,,,,,,,,
,FALSE,,,,,,,,,,
,FALSE,,,,,,,,,,
,FALSE,,,,,,,,,,
,FALSE,,,,,,,,,,
,FALSE,,,,,,,,,,
,FALSE,,,,,,,,,,
,FALSE,,,,,,,,,,
,FALSE,,,,,,,,,,
,FALSE,,,,,,,,,,
,FALSE,,,,,,,,,,
,FALSE,,,,,,,,,,
,FALSE,,,,,,,,,,
,FALSE,,,,,,,,,,
,FALSE,,,,,,,,,,
,FALSE,,,,,,,,,,
,FALSE,,,,,,,,,,
,FALSE,,,,,,,,,,
,FALSE,,,,,,,,,,
,FALSE,,,,,,,,,,
,FALSE,,,,,,,,,,
,FALSE,,,,,,,,,,
,FALSE,,,,,,,,,,
,FALSE,,,,,,,,,,
,FALSE,,,,,,,,,,
,FALSE,,,,,,,,,,
,FALSE,,,,,,,,,,
,FALSE,,,,,,,,,,
,FALSE,,,,,,,,,,
,FALSE,,,,,,,,,,
,FALSE,,,,,,,,,,
,FALSE,,,,,,,,,,
,FALSE,,,,,,,,,,
,FALSE,,,,,,,,,,
,FALSE,,,,,,,,,,
,FALSE,,,,,,,,,,
,FALSE,,,,,,,,,,
,FALSE,,,,,,,,,,
,FALSE,,,,,,,,,,
,FALSE,,,,,,,,,,
,FALSE,,,,,,,,,,
,FALSE,,,,,,,,,,
,FALSE,,,,,,,,,,
,FALSE,,,,,,,,,,
,FALSE,,,,,,,,,,
,FALSE,,,,,,,,,,
,FALSE,,,,,,,,,,
,FALSE,,,,,,,,,,
,FALSE,,,,,,,,,,
,FALSE,,,,,,,,,,
,FALSE,,,,,,,,,,
,FALSE,,,,,,,,,,
,FALSE,,,,,,,,,,
,FALSE,,,,,,,,,,
,FALSE,,,,,,,,,,
,FALSE,,,,,,,,,,
,FALSE,,,,,,,,,,
,FALSE,,,,,,,,,,
,FALSE,,,,,,,,,,
,FALSE,,,,,,,,,,
,FALSE,,,,,,,,,,
,FALSE,,,,,,,,,,
,FALSE,,,,,,,,,,
,FALSE,,,,,,,,,,
,FALSE,,,,,,,,,,
,FALSE,,,,,,,,,,
,FALSE,,,,,,,,,,
,FALSE,,,,,,,,,,
,FALSE,,,,,,,,,,
,FALSE,,,,,,,,,,
,FALSE,,,,,,,,,,
,FALSE,,,,,,,,,,
,FALSE,,,,,,,,,,
,FALSE,,,,,,,,,,
,FALSE,,,,,,,,,,
,FALSE,,,,,,,,,,
,FALSE,,,,,,,,,,
,FALSE,,,,,,,,,,
,FALSE,,,,,,,,,,
,FALSE,,,,,,,,,,
,FALSE,,,,,,,,,,
,FALSE,,,,,,,,,,
,FALSE,,,,,,,,,,
,FALSE,,,,,,,,,,
,FALSE,,,,,,,,,,
,FALSE,,,,,,,,,,
,FALSE,,,,,,,,,,
,FALSE,,,,,,,,,,
,FALSE,,,,,,,,,,
,FALSE,,,,,,,,,,
,FALSE,,,,,,,,,,
,FALSE,,,,,,,,,,
,FALSE,,,,,,,,,,
,FALSE,,,,,,,,,,
,FALSE,,,,,,,,,,
,FALSE,,,,,,,,,,
,FALSE,,,,,,,,,,
,FALSE,,,,,,,,,,
,FALSE,,,,,,,,,,
,FALSE,,,,,,,,,,
,FALSE,,,,,,,,,,
,FALSE,,,,,,,,,,
,FALSE,,,,,,,,,,
,FALSE,,,,,,,,,,
,FALSE,,,,,,,,,,
,FALSE,,,,,,,,,,
,FALSE,,,,,,,,,,
,FALSE,,,,,,,,,,
,FALSE,,,,,,,,,,
,FALSE,,,,,,,,,,
,FALSE,,,,,,,,,,
,FALSE,,,,,,,,,,
,FALSE,,,,,,,,,,
,FALSE,,,,,,,,,,
,FALSE,,,,,,,,,,
,FALSE,,,,,,,,,,
,FALSE,,,,,,,,,,
,FALSE,,,,,,,,,,
,FALSE,,,,,,,,,,
,FALSE,,,,,,,,,,
,FALSE,,,,,,,,,,
,FALSE,,,,,,,,,,
,FALSE,,,,,,,,,,
,FALSE,,,,,,,,,,
,FALSE,,,,,,,,,,
,FALSE,,,,,,,,,,
,FALSE,,,,,,,,,,
,FALSE,,,,,,,,,,
,FALSE,,,,,,,,,,
,FALSE,,,,,,,,,,
,FALSE,,,,,,,,,,
,FALSE,,,,,,,,,,
,FALSE,,,,,,,,,,
,FALSE,,,,,,,,,,
,FALSE,,,,,,,,,,
,FALSE,,,,,,,,,,
,FALSE,,,,,,,,,,
,FALSE,,,,,,,,,,
,FALSE,,,,,,,,,,
,FALSE,,,,,,,,,,
,FALSE,,,,,,,,,,
,FALSE,,,,,,,,,,
,FALSE,,,,,,,,,,
,FALSE,,,,,,,,,,
,FALSE,,,,,,,,,,
,FALSE,,,,,,,,,,
,FALSE,,,,,,,,,,
,FALSE,,,,,,,,,,
,FALSE,,,,,,,,,,
,FALSE,,,,,,,,,,
,FALSE,,,,,,,,,,
,FALSE,,,,,,,,,,
,FALSE,,,,,,,,,,
,FALSE,,,,,,,,,,
,FALSE,,,,,,,,,,
,FALSE,,,,,,,,,,
,FALSE,,,,,,,,,,
,FALSE,,,,,,,,,,
,FALSE,,,,,,,,,,
,FALSE,,,,,,,,,,
,FALSE,,,,,,,,,,
,FALSE,,,,,,,,,,
,FALSE,,,,,,,,,,
,FALSE,,,,,,,,,,
,FALSE,,,,,,,,,,
,FALSE,,,,,,,,,,
,FALSE,,,,,,,,,,
,FALSE,,,,,,,,,,
,FALSE,,,,,,,,,,
,FALSE,,,,,,,,,,
,FALSE,,,,,,,,,,
,FALSE,,,,,,,,,,
,FALSE,,,,,,,,,,
,FALSE,,,,,,,,,,
,FALSE,,,,,,,,,,
,FALSE,,,,,,,,,,
,FALSE,,,,,,,,,,
,FALSE,,,,,,,,,,
,FALSE,,,,,,,,,,
,FALSE,,,,,,,,,,
,FALSE,,,,,,,,,,
,FALSE,,,,,,,,,,
,FALSE,,,,,,,,,,
,FALSE,,,,,,,,,,
,FALSE,,,,,,,,,,
,FALSE,,,,,,,,,,
,FALSE,,,,,,,,,,
,FALSE,,,,,,,,,,
,FALSE,,,,,,,,,,
,FALSE,,,,,,,,,,
,FALSE,,,,,,,,,,
,FALSE,,,,,,,,,,
,FALSE,,,,,,,,,,
,FALSE,,,,,,,,,,
,FALSE,,,,,,,,,,
,FALSE,,,,,,,,,,
,FALSE,,,,,,,,,,
,FALSE,,,,,,,,,,
,FALSE,,,,,,,,,,
,FALSE,,,,,,,,,,
,FALSE,,,,,,,,,,
,FALSE,,,,,,,,,,
,FALSE,,,,,,,,,,
,FALSE,,,,,,,,,,
,FALSE,,,,,,,,,,
,FALSE,,,,,,,,,,
,FALSE,,,,,,,,,,
,FALSE,,,,,,,,,,
,FALSE,,,,,,,,,,
,FALSE,,,,,,,,,,
,FALSE,,,,,,,,,,
,FALSE,,,,,,,,,,
,FALSE,,,,,,,,,,
,FALSE,,,,,,,,,,
,FALSE,,,,,,,,,,
,FALSE,,,,,,,,,,
,FALSE,,,,,,,,,,
,FALSE,,,,,,,,,,
,FALSE,,,,,,,,,,
,FALSE,,,,,,,,,,
,FALSE,,,,,,,,,,
,FALSE,,,,,,,,,,
,FALSE,,,,,,,,,,
,FALSE,,,,,,,,,,
,FALSE,,,,,,,,,,
,FALSE,,,,,,,,,,
,FALSE,,,,,,,,,,
,FALSE,,,,,,,,,,
,FALSE,,,,,,,,,,
,FALSE,,,,,,,,,,
,FALSE,,,,,,,,,,
,FALSE,,,,,,,,,,
,FALSE,,,,,,,,,,
,FALSE,,,,,,,,,,
,FALSE,,,,,,,,,,
,FALSE,,,,,,,,,,
,FALSE,,,,,,,,,,
,FALSE,,,,,,,,,,
,FALSE,,,,,,,,,,
,FALSE,,,,,,,,,,
,FALSE,,,,,,,,,,
,FALSE,,,,,,,,,,
,FALSE,,,,,,,,,,
,FALSE,,,,,,,,,,
,FALSE,,,,,,,,,,
,FALSE,,,,,,,,,,
,FALSE,,,,,,,,,,
,FALSE,,,,,,,,,,
,FALSE,,,,,,,,,,
,FALSE,,,,,,,,,,
,FALSE,,,,,,,,,,
,FALSE,,,,,,,,,,
,FALSE,,,,,,,,,,
,FALSE,,,,,,,,,,
,FALSE,,,,,,,,,,
,FALSE,,,,,,,,,,
,FALSE,,,,,,,,,,
,FALSE,,,,,,,,,,
,FALSE,,,,,,,,,,
,FALSE,,,,,,,,,,
,FALSE,,,,,,,,,,
,FALSE,,,,,,,,,,
,FALSE,,,,,,,,,,
,FALSE,,,,,,,,,,
,FALSE,,,,,,,,,,
,FALSE,,,,,,,,,,
,FALSE,,,,,,,,,,
,FALSE,,,,,,,,,,
,FALSE,,,,,,,,,,
,FALSE,,,,,,,,,,
,FALSE,,,,,,,,,,
,FALSE,,,,,,,,,,
,FALSE,,,,,,,,,,
,FALSE,,,,,,,,,,
,FALSE,,,,,,,,,,
,FALSE,,,,,,,,,,
,FALSE,,,,,,,,,,
,FALSE,,,,,,,,,,
,FALSE,,,,,,,,,,
,FALSE,,,,,,,,,,
,FALSE,,,,,,,,,,
,FALSE,,,,,,,,,,
,FALSE,,,,,,,,,,
,FALSE,,,,,,,,,,
,FALSE,,,,,,,,,,
,FALSE,,,,,,,,,,
,FALSE,,,,,,,,,,
,FALSE,,,,,,,,,,
,FALSE,,,,,,,,,,
,FALSE,,,,,,,,,,
,FALSE,,,,,,,,,,
,FALSE,,,,,,,,,,
,FALSE,,,,,,,,,,
,FALSE,,,,,,,,,,
,FALSE,,,,,,,,,,
,FALSE,,,,,,,,,,
,FALSE,,,,,,,,,,
,FALSE,,,,,,,,,,
,FALSE,,,,,,,,,,
,FALSE,,,,,,,,,,
,FALSE,,,,,,,,,,
,FALSE,,,,,,,,,,
,FALSE,,,,,,,,,,
,FALSE,,,,,,,,,,
,FALSE,,,,,,,,,,
,FALSE,,,,,,,,,,
,FALSE,,,,,,,,,,
,FALSE,,,,,,,,,,
,FALSE,,,,,,,,,,
,FALSE,,,,,,,,,,
,FALSE,,,,,,,,,,
,FALSE,,,,,,,,,,
,FALSE,,,,,,,,,,
,FALSE,,,,,,,,,,
,FALSE,,,,,,,,,,
,FALSE,,,,,,,,,,
,FALSE,,,,,,,,,,
,FALSE,,,,,,,,,,
,FALSE,,,,,,,,,,
,FALSE,,,,,,,,,,
,FALSE,,,,,,,,,,
,FALSE,,,,,,,,,,
,FALSE,,,,,,,,,,
,FALSE,,,,,,,,,,
,FALSE,,,,,,,,,,
,FALSE,,,,,,,,,,
,FALSE,,,,,,,,,,
,FALSE,,,,,,,,,,
,FALSE,,,,,,,,,,
,FALSE,,,,,,,,,,
,FALSE,,,,,,,,,,
,FALSE,,,,,,,,,,
,FALSE,,,,,,,,,,
,FALSE,,,,,,,,,,
,FALSE,,,,,,,,,,
,FALSE,,,,,,,,,,
,FALSE,,,,,,,,,,
,FALSE,,,,,,,,,,
,FALSE,,,,,,,,,,
,FALSE,,,,,,,,,,
,FALSE,,,,,,,,,,
,FALSE,,,,,,,,,,
,FALSE,,,,,,,,,,
,FALSE,,,,,,,,,,
,FALSE,,,,,,,,,,
,FALSE,,,,,,,,,,
,FALSE,,,,,,,,,,
,FALSE,,,,,,,,,,
,FALSE,,,,,,,,,,
,FALSE,,,,,,,,,,
,FALSE,,,,,,,,,,
,FALSE,,,,,,,,,,
,FALSE,,,,,,,,,,
,FALSE,,,,,,,,,,
,FALSE,,,,,,,,,,
,FALSE,,,,,,,,,,
,FALSE,,,,,,,,,,
,FALSE,,,,,,,,,,
,FALSE,,,,,,,,,,
,FALSE,,,,,,,,,,
,FALSE,,,,,,,,,,
,FALSE,,,,,,,,,,
,FALSE,,,,,,,,,,
,FALSE,,,,,,,,,,
,FALSE,,,,,,,,,,
,FALSE,,,,,,,,,,
,FALSE,,,,,,,,,,
,FALSE,,,,,,,,,,
,FALSE,,,,,,,,,,
,FALSE,,,,,,,,,,
,FALSE,,,,,,,,,,
,FALSE,,,,,,,,,,
,FALSE,,,,,,,,,,
,FALSE,,,,,,,,,,
,FALSE,,,,,,,,,,
,FALSE,,,,,,,,,,
,FALSE,,,,,,,,,,
,FALSE,,,,,,,,,,
,FALSE,,,,,,,,,,
,FALSE,,,,,,,,,,
,FALSE,,,,,,,,,,
,FALSE,,,,,,,,,,
,FALSE,,,,,,,,,,
,FALSE,,,,,,,,,,
,FALSE,,,,,,,,,,
,FALSE,,,,,,,,,,
,FALSE,,,,,,,,,,
,FALSE,,,,,,,,,,
,FALSE,,,,,,,,,,
,FALSE,,,,,,,,,,
,FALSE,,,,,,,,,,
,FALSE,,,,,,,,,,
,FALSE,,,,,,,,,,
,FALSE,,,,,,,,,,
,FALSE,,,,,,,,,,
,FALSE,,,,,,,,,,
,FALSE,,,,,,,,,,
,FALSE,,,,,,,,,,
,FALSE,,,,,,,,,,
,FALSE,,,,,,,,,,
,FALSE,,,,,,,,,,
,FALSE,,,,,,,,,,
,FALSE,,,,,,,,,,
,FALSE,,,,,,,,,,
,FALSE,,,,,,,,,,
,FALSE,,,,,,,,,,
,FALSE,,,,,,,,,,
,FALSE,,,,,,,,,,
,FALSE,,,,,,,,,,
,FALSE,,,,,,,,,,
,FALSE,,,,,,,,,,
,FALSE,,,,,,,,,,
,FALSE,,,,,,,,,,
,FALSE,,,,,,,,,,
,FALSE,,,,,,,,,,
,FALSE,,,,,,,,,,
,FALSE,,,,,,,,,,
,FALSE,,,,,,,,,,
,FALSE,,,,,,,,,,
,FALSE,,,,,,,,,,
,FALSE,,,,,,,,,,
,FALSE,,,,,,,,,,
,FALSE,,,,,,,,,,
,FALSE,,,,,,,,,,
,FALSE,,,,,,,,,,
,FALSE,,,,,,,,,,
,FALSE,,,,,,,,,,
,FALSE,,,,,,,,,,
,FALSE,,,,,,,,,,
,FALSE,,,,,,,,,,
,FALSE,,,,,,,,,,
,FALSE,,,,,,,,,,
,FALSE,,,,,,,,,,
,FALSE,,,,,,,,,,
,FALSE,,,,,,,,,,
,FALSE,,,,,,,,,,
,FALSE,,,,,,,,,,
,FALSE,,,,,,,,,,
,FALSE,,,,,,,,,,
,FALSE,,,,,,,,,,
,FALSE,,,,,,,,,,
,FALSE,,,,,,,,,,
,FALSE,,,,,,,,,,
,FALSE,,,,,,,,,,
,FALSE,,,,,,,,,,
,FALSE,,,,,,,,,,
,FALSE,,,,,,,,,,
,FALSE,,,,,,,,,,
,FALSE,,,,,,,,,,
,FALSE,,,,,,,,,,
,FALSE,,,,,,,,,,
,FALSE,,,,,,,,,,
,FALSE,,,,,,,,,,
,FALSE,,,,,,,,,,
,FALSE,,,,,,,,,,
,FALSE,,,,,,,,,,
,FALSE,,,,,,,,,,
,FALSE,,,,,,,,,,
,FALSE,,,,,,,,,,
,FALSE,,,,,,,,,,
,FALSE,,,,,,,,,,
,FALSE,,,,,,,,,,
,FALSE,,,,,,,,,,
,FALSE,,,,,,,,,,
,FALSE,,,,,,,,,,
,FALSE,,,,,,,,,,
,FALSE,,,,,,,,,,
,FALSE,,,,,,,,,,
,FALSE,,,,,,,,,,
,FALSE,,,,,,,,,,
,FALSE,,,,,,,,,,
,FALSE,,,,,,,,,,
,FALSE,,,,,,,,,,
,FALSE,,,,,,,,,,
,FALSE,,,,,,,,,,
,FALSE,,,,,,,,,,
,FALSE,,,,,,,,,,
,FALSE,,,,,,,,,,
,FALSE,,,,,,,,,,
,FALSE,,,,,,,,,,
,FALSE,,,,,,,,,,
,FALSE,,,,,,,,,,
,FALSE,,,,,,,,,,
,FALSE,,,,,,,,,,
,FALSE,,,,,,,,,,
,FALSE,,,,,,,,,,
,FALSE,,,,,,,,,,
,FALSE,,,,,,,,,,
,FALSE,,,,,,,,,,
,FALSE,,,,,,,,,,
,FALSE,,,,,,,,,,
,FALSE,,,,,,,,,,
,FALSE,,,,,,,,,,
,FALSE,,,,,,,,,,
,FALSE,,,,,,,,,,
,FALSE,,,,,,,,,,
,FALSE,,,,,,,,,,
,FALSE,,,,,,,,,,
,FALSE,,,,,,,,,,
,FALSE,,,,,,,,,,
,FALSE,,,,,,,,,,
,FALSE,,,,,,,,,,
,FALSE,,,,,,,,,,
,FALSE,,,,,,,,,,
,FALSE,,,,,,,,,,
,FALSE,,,,,,,,,,
,FALSE,,,,,,,,,,
,FALSE,,,,,,,,,,
,FALSE,,,,,,,,,,
,FALSE,,,,,,,,,,
,FALSE,,,,,,,,,,
,FALSE,,,,,,,,,,
,FALSE,,,,,,,,,,
,FALSE,,,,,,,,,,
,FALSE,,,,,,,,,,
,FALSE,,,,,,,,,,
,FALSE,,,,,,,,,,
,FALSE,,,,,,,,,,
,FALSE,,,,,,,,,,
,FALSE,,,,,,,,,,
,FALSE,,,,,,,,,,
,FALSE,,,,,,,,,,
,FALSE,,,,,,,,,,
,FALSE,,,,,,,,,,
,FALSE,,,,,,,,,,
,FALSE,,,,,,,,,,
,FALSE,,,,,,,,,,
,FALSE,,,,,,,,,,
,FALSE,,,,,,,,,,
,FALSE,,,,,,,,,,
,FALSE,,,,,,,,,,
,FALSE,,,,,,,,,,
,FALSE,,,,,,,,,,
,FALSE,,,,,,,,,,
,FALSE,,,,,,,,,,
,FALSE,,,,,,,,,,
,FALSE,,,,,,,,,,
,FALSE,,,,,,,,,,
,FALSE,,,,,,,,,,
,FALSE,,,,,,,,,,
,FALSE,,,,,,,,,,
,FALSE,,,,,,,,,,
,FALSE,,,,,,,,,,
,FALSE,,,,,,,,,,
,FALSE,,,,,,,,,,
,FALSE,,,,,,,,,,
,FALSE,,,,,,,,,,
,FALSE,,,,,,,,,,
,FALSE,,,,,,,,,,
,FALSE,,,,,,,,,,
,FALSE,,,,,,,,,,
,FALSE,,,,,,,,,,
,FALSE,,,,,,,,,,
,FALSE,,,,,,,,,,
,FALSE,,,,,,,,,,
,FALSE,,,,,,,,,,
,FALSE,,,,,,,,,,
,FALSE,,,,,,,,,,
,FALSE,,,,,,,,,,
,FALSE,,,,,,,,,,
,FALSE,,,,,,,,,,
,FALSE,,,,,,,,,,
,FALSE,,,,,,,,,,
,FALSE,,,,,,,,,,
,FALSE,,,,,,,,,,
,FALSE,,,,,,,,,,
,FALSE,,,,,,,,,,
,FALSE,,,,,,,,,,
,FALSE,,,,,,,,,,
,FALSE,,,,,,,,,,
,FALSE,,,,,,,,,,
,FALSE,,,,,,,,,,
,FALSE,,,,,,,,,,
,FALSE,,,,,,,,,,
,FALSE,,,,,,,,,,
,FALSE,,,,,,,,,,
,FALSE,,,,,,,,,,
,FALSE,,,,,,,,,,
,FALSE,,,,,,,,,,
,FALSE,,,,,,,,,,
,FALSE,,,,,,,,,,
,FALSE,,,,,,,,,,
,FALSE,,,,,,,,,,
,FALSE,,,,,,,,,,
,FALSE,,,,,,,,,,
,FALSE,,,,,,,,,,
,FALSE,,,,,,,,,,
,FALSE,,,,,,,,,,
,FALSE,,,,,,,,,,
,FALSE,,,,,,,,,,
,FALSE,,,,,,,,,,
,FALSE,,,,,,,,,,
,FALSE,,,,,,,,,,
,FALSE,,,,,,,,,,
,FALSE,,,,,,,,,,
,FALSE,,,,,,,,,,
,FALSE,,,,,,,,,,
,FALSE,,,,,,,,,,
,FALSE,,,,,,,,,,
,FALSE,,,,,,,,,,
,FALSE,,,,,,,,,,
,FALSE,,,,,,,,,,
,FALSE,,,,,,,,,,
,FALSE,,,,,,,,,,
,FALSE,,,,,,,,,,
,FALSE,,,,,,,,,,
,FALSE,,,,,,,,,,
,FALSE,,,,,,,,,,
,FALSE,,,,,,,,,,
,FALSE,,,,,,,,,,
,FALSE,,,,,,,,,,
,FALSE,,,,,,,,,,
,FALSE,,,,,,,,,,
,FALSE,,,,,,,,,,
,FALSE,,,,,,,,,,
,FALSE,,,,,,,,,,
,FALSE,,,,,,,,,,
,FALSE,,,,,,,,,,
,FALSE,,,,,,,,,,
,FALSE,,,,,,,,,,
,FALSE,,,,,,,,,,
,FALSE,,,,,,,,,,
,FALSE,,,,,,,,,,
,FALSE,,,,,,,,,,
,FALSE,,,,,,,,,,
,FALSE,,,,,,,,,,
,FALSE,,,,,,,,,,
,FALSE,,,,,,,,,,
,FALSE,,,,,,,,,,
,FALSE,,,,,,,,,,
,FALSE,,,,,,,,,,
,FALSE,,,,,,,,,,
,FALSE,,,,,,,,,,
,FALSE,,,,,,,,,,
,FALSE,,,,,,,,,,
,FALSE,,,,,,,,,,
,FALSE,,,,,,,,,,
,FALSE,,,,,,,,,,
,FALSE,,,,,,,,,,
,FALSE,,,,,,,,,,
,FALSE,,,,,,,,,,
,FALSE,,,,,,,,,,
,FALSE,,,,,,,,,,
,FALSE,,,,,,,,,,
,FALSE,,,,,,,,,,
,FALSE,,,,,,,,,,
,FALSE,,,,,,,,,,
,FALSE,,,,,,,,,,
,FALSE,,,,,,,,,,
,FALSE,,,,,,,,,,
,FALSE,,,,,,,,,,
,FALSE,,,,,,,,,,
,FALSE,,,,,,,,,,
,FALSE,,,,,,,,,,
,FALSE,,,,,,,,,,
,FALSE,,,,,,,,,,
,FALSE,,,,,,,,,,
,FALSE,,,,,,,,,,
,FALSE,,,,,,,,,,
,FALSE,,,,,,,,,,
,FALSE,,,,,,,,,,
,FALSE,,,,,,,,,,
,FALSE,,,,,,,,,,
,FALSE,,,,,,,,,,
,FALSE,,,,,,,,,,
,FALSE,,,,,,,,,,
,FALSE,,,,,,,,,,
,FALSE,,,,,,,,,,
,FALSE,,,,,,,,,,
,FALSE,,,,,,,,,,
,FALSE,,,,,,,,,,
,FALSE,,,,,,,,,,
,FALSE,,,,,,,,,,
,FALSE,,,,,,,,,,
,FALSE,,,,,,,,,,
,FALSE,,,,,,,,,,
,FALSE,,,,,,,,,,
,FALSE,,,,,,,,,,
,FALSE,,,,,,,,,,
,FALSE,,,,,,,,,,
,FALSE,,,,,,,,,,
,FALSE,,,,,,,,,,
,FALSE,,,,,,,,,,
,FALSE,,,,,,,,,,
,FALSE,,,,,,,,,,
,FALSE,,,,,,,,,,
,FALSE,,,,,,,,,,
,FALSE,,,,,,,,,,
,FALSE,,,,,,,,,,
,FALSE,,,,,,,,,,
,FALSE,,,,,,,,,,
,FALSE,,,,,,,,,,
,FALSE,,,,,,,,,,
,FALSE,,,,,,,,,,
,FALSE,,,,,,,,,,
,FALSE,,,,,,,,,,
,FALSE,,,,,,,,,,
,FALSE,,,,,,,,,,
,FALSE,,,,,,,,,,
,FALSE,,,,,,,,,,
,FALSE,,,,,,,,,,
,FALSE,,,,,,,,,,
,FALSE,,,,,,,,,,
,FALSE,,,,,,,,,,
,FALSE,,,,,,,,,,
,FALSE,,,,,,,,,,
,FALSE,,,,,,,,,,
,FALSE,,,,,,,,,,
,FALSE,,,,,,,,,,
,FALSE,,,,,,,,,,
,FALSE,,,,,,,,,,
,FALSE,,,,,,,,,,
,FALSE,,,,,,,,,,
,FALSE,,,,,,,,,,
,FALSE,,,,,,,,,,
,FALSE,,,,,,,,,,
,FALSE,,,,,,,,,,
,FALSE,,,,,,,,,,
,FALSE,,,,,,,,,,
,FALSE,,,,,,,,,,
,FALSE,,,,,,,,,,
,FALSE,,,,,,,,,,
,FALSE,,,,,,,,,,
,FALSE,,,,,,,,,,
,FALSE,,,,,,,,,,
,FALSE,,,,,,,,,,
,FALSE,,,,,,,,,,
,FALSE,,,,,,,,,,
,FALSE,,,,,,,,,,
,FALSE,,,,,,,,,,
,FALSE,,,,,,,,,,
,FALSE,,,,,,,,,,
,FALSE,,,,,,,,,,
,FALSE,,,,,,,,,,
,FALSE,,,,,,,,,,
,FALSE,,,,,,,,,,
,FALSE,,,,,,,,,,
,FALSE,,,,,,,,,,
,FALSE,,,,,,,,,,
,FALSE,,,,,,,,,,
,FALSE,,,,,,,,,,
,FALSE,,,,,,,,,,
,FALSE,,,,,,,,,,
,FALSE,,,,,,,,,,
,FALSE,,,,,,,,,,
,FALSE,,,,,,,,,,
,FALSE,,,,,,,,,,
,FALSE,,,,,,,,,,
,FALSE,,,,,,,,,,
,FALSE,,,,,,,,,,
,FALSE,,,,,,,,,,
,FALSE,,,,,,,,,,
,FALSE,,,,,,,,,,
,FALSE,,,,,,,,,,
,FALSE,,,,,,,,,,
,FALSE,,,,,,,,,,
,FALSE,,,,,,,,,,
,FALSE,,,,,,,,,,
,FALSE,,,,,,,,,,
,FALSE,,,,,,,,,,
,FALSE,,,,,,,,,,
,FALSE,,,,,,,,,,
,FALSE,,,,,,,,,,
,FALSE,,,,,,,,,,
,FALSE,,,,,,,,,,
,FALSE,,,,,,,,,,
,FALSE,,,,,,,,,,
,FALSE,,,,,,,,,,
,FALSE,,,,,,,,,,
,FALSE,,,,,,,,,,
,FALSE,,,,,,,,,,
,FALSE,,,,,,,,,,
,FALSE,,,,,,,,,,
,FALSE,,,,,,,,,,
,FALSE,,,,,,,,,,
,FALSE,,,,,,,,,,
,FALSE,,,,,,,,,,
,FALSE,,,,,,,,,,
,FALSE,,,,,,,,,,
,FALSE,,,,,,,,,,
,FALSE,,,,,,,,,,
,FALSE,,,,,,,,,,
,FALSE,,,,,,,,,,
,FALSE,,,,,,,,,,
,FALSE,,,,,,,,,,
,FALSE,,,,,,,,,,
,FALSE,,,,,,,,,,
,FALSE,,,,,,,,,,
,FALSE,,,,,,,,,,
,FALSE,,,,,,,,,,
,FALSE,,,,,,,,,,
,FALSE,,,,,,,,,,
,FALSE,,,,,,,,,,
,FALSE,,,,,,,,,,
,FALSE,,,,,,,,,,
,FALSE,,,,,,,,,,
,FALSE,,,,,,,,,,
,FALSE,,,,,,,,,,
,FALSE,,,,,,,,,,
,FALSE,,,,,,,,,,
,FALSE,,,,,,,,,,
,FALSE,,,,,,,,,,
,FALSE,,,,,,,,,,
,FALSE,,,,,,,,,,
,FALSE,,,,,,,,,,
,FALSE,,,,,,,,,,
,FALSE,,,,,,,,,,
,FALSE,,,,,,,,,,
,FALSE,,,,,,,,,,
,FALSE,,,,,,,,,,
,FALSE,,,,,,,,,,
,FALSE,,,,,,,,,,
,FALSE,,,,,,,,,,
,FALSE,,,,,,,,,,
,FALSE,,,,,,,,,,
,FALSE,,,,,,,,,,
,FALSE,,,,,,,,,,
,FALSE,,,,,,,,,,
,FALSE,,,,,,,,,,
,FALSE,,,,,,,,,,
,FALSE,,,,,,,,,,
,FALSE,,,,,,,,,,
,FALSE,,,,,,,,,,
,FALSE,,,,,,,,,,
,FALSE,,,,,,,,,,
,FALSE,,,,,,,,,,
,FALSE,,,,,,,,,,
,FALSE,,,,,,,,,,
,FALSE,,,,,,,,,,
,FALSE,,,,,,,,,,
,FALSE,,,,,,,,,,
,FALSE,,,,,,,,,,
,FALSE,,,,,,,,,,
,FALSE,,,,,,,,,,
,FALSE,,,,,,,,,,
,FALSE,,,,,,,,,,
,FALSE,,,,,,,,,,
,FALSE,,,,,,,,,,
,FALSE,,,,,,,,,,
,FALSE,,,,,,,,,,
,FALSE,,,,,,,,,,
,FALSE,,,,,,,,,,
,FALSE,,,,,,,,,,
,FALSE,,,,,,,,,,
,FALSE,,,,,,,,,,
,FALSE,,,,,,,,,,
,FALSE,,,,,,,,,,
,FALSE,,,,,,,,,,
,FALSE,,,,,,,,,,
,FALSE,,,,,,,,,,
,FALSE,,,,,,,,,,
,FALSE,,,,,,,,,,
,FALSE,,,,,,,,,,
,FALSE,,,,,,,,,,
,FALSE,,,,,,,,,,
,FALSE,,,,,,,,,,
,FALSE,,,,,,,,,,
,FALSE,,,,,,,,,,
,FALSE,,,,,,,,,,
,FALSE,,,,,,,,,,
,FALSE,,,,,,,,,,
,FALSE,,,,,,,,,,
,FALSE,,,,,,,,,,
,FALSE,,,,,,,,,,
,FALSE,,,,,,,,,,
,FALSE,,,,,,,,,,
,FALSE,,,,,,,,,,
,FALSE,,,,,,,,,,
,FALSE,,,,,,,,,,
,FALSE,,,,,,,,,,
,FALSE,,,,,,,,,,
,FALSE,,,,,,,,,,
,FALSE,,,,,,,,,,
,FALSE,,,,,,,,,,
,FALSE,,,,,,,,,,
,FALSE,,,,,,,,,,
,FALSE,,,,,,,,,,
,FALSE,,,,,,,,,,
,FALSE,,,,,,,,,,
,FALSE,,,,,,,,,,
,FALSE,,,,,,,,,,
,FALSE,,,,,,,,,,
,FALSE,,,,,,,,,,
,FALSE,,,,,,,,,,
,FALSE,,,,,,,,,,
,FALSE,,,,,,,,,,
,FALSE,,,,,,,,,,
,FALSE,,,,,,,,,,
,FALSE,,,,,,,,,,
,FALSE,,,,,,,,,,
,FALSE,,,,,,,,,,
,FALSE,,,,,,,,,,
,FALSE,,,,,,,,,,
,FALSE,,,,,,,,,,
,FALSE,,,,,,,,,,
,FALSE,,,,,,,,,,
,FALSE,,,,,,,,,,
,FALSE,,,,,,,,,,
,FALSE,,,,,,,,,,
,FALSE,,,,,,,,,,
,FALSE,,,,,,,,,,
,FALSE,,,,,,,,,,
,FALSE,,,,,,,,,,
,FALSE,,,,,,,,,,
,FALSE,,,,,,,,,,
,FALSE,,,,,,,,,,
,FALSE,,,,,,,,,,
,FALSE,,,,,,,,,,
,FALSE,,,,,,,,,,
,FALSE,,,,,,,,,,
,FALSE,,,,,,,,,,
,FALSE,,,,,,,,,,
,FALSE,,,,,,,,,,
,FALSE,,,,,,,,,,
,FALSE,,,,,,,,,,
,FALSE,,,,,,,,,,
,FALSE,,,,,,,,,,
,FALSE,,,,,,,,,,
,FALSE,,,,,,,,,,
,FALSE,,,,,,,,,,
,FALSE,,,,,,,,,,
,FALSE,,,,,,,,,,
,FALSE,,,,,,,,,,
,FALSE,,,,,,,,,,
,FALSE,,,,,,,,,,
,FALSE,,,,,,,,,,
,FALSE,,,,,,,,,,
,FALSE,,,,,,,,,,
,FALSE,,,,,,,,,,
,FALSE,,,,,,,,,,
,FALSE,,,,,,,,,,
,FALSE,,,,,,,,,,
,FALSE,,,,,,,,,,